"App","Export","Method","Endpoint","ContentType","Operation","UseSlave","Source"
"管理端","batchChangeCourse","POST","/b/arrange/batchChangeCourse","application/x-www-form-urlencoded","write","False","common/vendor.js"
"管理端","batchDeleteByCourseid","POST","/b/arrange/batchDeleteByCourseid","application/x-www-form-urlencoded","write","False","common/vendor.js"
"管理端","batchDeleteByDate","POST","/b/arrange/batchDeleteByDate","application/json","write","False","common/vendor.js"
"管理端","batchStopPlan","POST","/b/arrange/batchStopPlan","application/x-www-form-urlencoded","write","False","common/vendor.js"
"管理端","batchStopPlanUndo","POST","/b/arrange/batchStopPlanUndo","application/x-www-form-urlencoded","write","False","common/vendor.js"
"管理端","cancelstopOnePlan","POST","/b/arrange/cancelstopOnePlan","application/x-www-form-urlencoded","write","False","common/vendor.js"
"管理端","changeOtherCourse","POST","/b/arrange/changeOtherCourse","application/x-www-form-urlencoded","write","False","common/vendor.js"
"管理端","checkchangeOtherCourse","POST","/b/arrange/checkchangeOtherCourse","application/x-www-form-urlencoded","query","False","common/vendor.js"
"管理端","checkcopyPlan","POST","/b/arrange/checkcopyPlan","application/json","query","False","common/vendor.js"
"管理端","copyPlan","POST","/b/arrange/copyPlan","application/json","write","False","common/vendor.js"
"管理端","deleteOnePlan","POST","/b/arrange/deleteOnePlan","application/x-www-form-urlencoded","write","False","common/vendor.js"
"管理端","findallcourse","POST","/b/arrange/findallcourse","application/x-www-form-urlencoded","query","False","common/vendor.js"
"管理端","findPlan","POST","/b/arrange/findPlan","application/x-www-form-urlencoded","query","False","common/vendor.js"
"管理端","findPlanByCourseId","POST","/b/arrange/findPlanByCourseId","application/x-www-form-urlencoded","query","False","common/vendor.js"
"管理端","getArrangeImage","POST","/b/arrange/getArrangeImage","application/x-www-form-urlencoded","query","False","common/vendor.js"
"管理端","getArrangeTagData","POST","/b/arrange/getArrangeTagData","application/x-www-form-urlencoded","query","False","common/vendor.js"
"管理端","getBgColor","POST","/b/arrange/getbgcolor","application/x-www-form-urlencoded","query","False","common/vendor.js"
"管理端","getDetailByCourseid","POST","/b/arrange/getDetailByCourseid","application/x-www-form-urlencoded","query","False","common/vendor.js"
"管理端","getOne","POST","/b/arrange/getOne","application/x-www-form-urlencoded","query","False","common/vendor.js"
"管理端","addCourse","POST","/b/arrange/save","application/json","write","False","common/vendor.js"
"管理端","saveArrangeTagData","POST","/b/arrange/saveArrangeTagData","application/json","write","False","common/vendor.js"
"管理端","saveBgColor","POST","/b/arrange/savebgcolor","application/x-www-form-urlencoded","write","False","common/vendor.js"
"管理端","selectAllTeamCourse","POST","/b/arrange/selectAllTeamCourse","application/x-www-form-urlencoded","query","False","common/vendor.js"
"管理端","stopOnePlan","POST","/b/arrange/stopOnePlan","application/x-www-form-urlencoded","write","False","common/vendor.js"
"管理端","updateAllCourse","POST","/b/arrange/update","application/json","write","False","common/vendor.js"
"管理端","updateCourse","POST","/b/arrange/update","application/json","write","False","common/vendor.js"
"管理端","updateTime","POST","/b/arrange/update","application/json","write","False","common/vendor.js"
"管理端","updateStaffUserid","POST","/b/arrange/updateStaffUserid","application/x-www-form-urlencoded","write","False","common/vendor.js"
"管理端","delcard","POST","/b/card/delcard","application/x-www-form-urlencoded","write","False","common/vendor.js"
"管理端","findHistoryGroupName","POST","/b/card/findHistoryGroupName","application/x-www-form-urlencoded","query","False","common/vendor.js"
"管理端","getAllCardForHasAgreement","POST","/b/card/getAllCardForHasAgreement","application/x-www-form-urlencoded","query","False","common/vendor.js"
"管理端","getAllCardInfo","POST","/b/card/getAllCardInfo","application/x-www-form-urlencoded","query","False","common/vendor.js"
"管理端","allCard","POST","/b/card/getAllCardPrice","application/x-www-form-urlencoded","query","False","common/vendor.js"
"管理端","getDelCardInfo","POST","/b/card/getDelCardInfo","application/x-www-form-urlencoded","query","False","common/vendor.js"
"管理端","getGroupCourseList","POST","/b/card/getGroupCourseList","application/x-www-form-urlencoded","query","False","common/vendor.js"
"管理端","getOneCardInfo","POST","/b/card/getOneCardInfo","application/x-www-form-urlencoded","query","False","common/vendor.js"
"管理端","getOneCardPrice","POST","/b/card/getOneCardPrice","application/x-www-form-urlencoded","query","False","common/vendor.js"
"管理端","recoverDelCard","POST","/b/card/recoverDelCard","application/x-www-form-urlencoded","write","False","common/vendor.js"
"管理端","saveCard","POST","/b/card/saveCard","application/json","write","False","common/vendor.js"
"管理端","saveCommonCardCourse","POST","/b/card/saveCommonCardCourse","application/json","write","False","common/vendor.js"
"管理端","saveGroupCourseList","POST","/b/card/saveGroupCourseList","application/json","write","False","common/vendor.js"
"管理端","saveSortId","POST","/b/card/saveSortId","application/json","write","False","common/vendor.js"
"管理端","selectAllbackImg","POST","/b/card/selectAllbackImg","application/x-www-form-urlencoded","query","False","common/vendor.js"
"管理端","updateCardStatus","POST","/b/card/updateCardStatus","application/x-www-form-urlencoded","write","False","common/vendor.js"
"管理端","checkHasPlan","POST","/b/course/checkHasPlan","application/x-www-form-urlencoded","query","False","common/vendor.js"
"管理端","delCourse","POST","/b/course/delCourse","application/x-www-form-urlencoded","write","False","common/vendor.js"
"管理端","delDrainer","POST","/b/course/delDrainer","application/x-www-form-urlencoded","write","False","common/vendor.js"
"管理端","findTags","POST","/b/course/findTags","application/x-www-form-urlencoded","query","False","common/vendor.js"
"管理端","getOnePrivateCourse","POST","/b/course/getOnePrivateCourse","application/x-www-form-urlencoded","query","False","common/vendor.js"
"管理端","getRoomList","POST","/b/course/getRoomList","application/x-www-form-urlencoded","query","False","common/vendor.js"
"管理端","getStaffInWorking","POST","/b/course/getStaffInWorking","application/x-www-form-urlencoded","query","False","common/vendor.js"
"管理端","getTeamCourse","POST","/b/course/getTeamCourse","application/x-www-form-urlencoded","query","False","common/vendor.js"
"管理端","saveCourseTag","POST","/b/course/saveCourseTag","application/json","write","False","common/vendor.js"
"管理端","savePrivateCourse","POST","/b/course/savePrivateCourse","application/json","write","False","common/vendor.js"
"管理端","saveRoom","POST","/b/course/saveRoom","application/json","write","False","common/vendor.js"
"管理端","saveTeamCourse","POST","/b/course/saveTeamCourse","application/json","write","False","common/vendor.js"
"管理端","selecctAllPriCourse","POST","/b/course/selecctAllPriCourse","application/x-www-form-urlencoded","query","False","common/vendor.js"
"管理端","selectAllTeamCourse","POST","/b/course/selectAllTeamCourse","application/x-www-form-urlencoded","query","False","common/vendor.js"
"管理端","upDrainerld","POST","/b/course/upDrainerId","application/x-www-form-urlencoded","write","False","common/vendor.js"
"管理端","exportcard","POST","/b/export/exportcard","application/x-www-form-urlencoded","write","False","common/vendor.js"
"管理端","exportuser","POST","/b/export/exportuser","application/x-www-form-urlencoded","write","False","common/vendor.js"
"管理端","findExportLog","POST","/b/export/findExportLog","application/x-www-form-urlencoded","query","False","common/vendor.js"
"管理端","calendarList","POST","/b/linkage/CalendarList","application/x-www-form-urlencoded","query","False","common/vendor.js"
"管理端","changeStatus","POST","/b/linkage/changeStatus","application/x-www-form-urlencoded","write","False","common/vendor.js"
"管理端","changeToLinkcard","POST","/b/linkage/changeToLinkcard","application/x-www-form-urlencoded","write","False","common/vendor.js"
"管理端","delShop","POST","/b/linkage/deleteSiteBysiteOwner","application/x-www-form-urlencoded","write","False","common/vendor.js"
"管理端","detailcardreport","POST","/b/linkage/detailcardreport","application/x-www-form-urlencoded","query","False","common/vendor.js"
"管理端","detailreport","POST","/b/linkage/detailreport","application/x-www-form-urlencoded","query","False","common/vendor.js"
"管理端","findPrivateAppontmentofStaffuserid","POST","/b/linkage/findPrivateAppontmentofStaffuserid","application/x-www-form-urlencoded","query","False","common/vendor.js"
"管理端","getAllCardInfo","POST","/b/linkage/getAllCardInfo","application/x-www-form-urlencoded","query","False","common/vendor.js"
"管理端","getAllCardPrice","POST","/b/linkage/getAllCardPrice","application/x-www-form-urlencoded","query","False","common/vendor.js"
"管理端","getAllStaff","POST","/b/linkage/getAllStaff","application/x-www-form-urlencoded","query","False","common/vendor.js"
"管理端","getCardOfEachSite","POST","/b/linkage/getCardOfEachSite","application/x-www-form-urlencoded","query","False","common/vendor.js"
"管理端","getDelCardInfo","POST","/b/linkage/getDelCardInfo","application/x-www-form-urlencoded","query","False","common/vendor.js"
"管理端","getGroupCourseList","POST","/b/linkage/getGroupCourseList","application/x-www-form-urlencoded","query","False","common/vendor.js"
"管理端","getlist","POST","/b/linkage/getLinkSite","application/x-www-form-urlencoded","query","False","common/vendor.js"
"管理端","getOneCardPrice","POST","/b/linkage/getOneCardPrice","application/x-www-form-urlencoded","query","False","common/vendor.js"
"管理端","getOnestaffInMonthDetail","POST","/b/linkage/getOnestaffInMonthDetail","application/x-www-form-urlencoded","query","False","common/vendor.js"
"管理端","getOnestaffInMonthSum","POST","/b/linkage/getOnestaffInMonthSum","application/x-www-form-urlencoded","query","False","common/vendor.js"
"管理端","mainreport","POST","/b/linkage/mainreport","application/x-www-form-urlencoded","query","False","common/vendor.js"
"管理端","recoverDelCard","POST","/b/linkage/recoverDelCard","application/x-www-form-urlencoded","write","False","common/vendor.js"
"管理端","saveCommonCardCourse","POST","/b/linkage/saveCommonCardCourse","application/json","write","False","common/vendor.js"
"管理端","saveGroupCourseList","POST","/b/linkage/saveGroupCourseList","application/json","write","False","common/vendor.js"
"管理端","saveLinkInfo","POST","/b/linkage/saveLinkInfo","application/x-www-form-urlencoded","write","False","common/vendor.js"
"管理端","savestaff","POST","/b/linkage/savestaff","application/json","write","False","common/vendor.js"
"管理端","staffByMonth","POST","/b/linkage/staffByMonth","application/x-www-form-urlencoded","query","False","common/vendor.js"
"管理端","applyAppointment","POST","/b/mainplan/applyAppointment","application/json","write","False","common/vendor.js"
"管理端","cancelAppoint","POST","/b/mainplan/CancelAppoint","application/x-www-form-urlencoded","write","False","common/vendor.js"
"管理端","findAllPrivateDrainerList","POST","/b/mainplan/findAllPrivateDrainerList","application/x-www-form-urlencoded","query","False","common/vendor.js"
"管理端","findOneDrainerAppointment","POST","/b/mainplan/findOneDrainerAppointment","application/x-www-form-urlencoded","query","False","common/vendor.js"
"管理端","findOneDrainerDetail","POST","/b/mainplan/findOneDrainerDetail","application/x-www-form-urlencoded","query","False","common/vendor.js"
"管理端","findOnePlan","POST","/b/mainplan/findOnePlan","application/x-www-form-urlencoded","query","False","common/vendor.js"
"管理端","findTeamPlan","POST","/b/mainplan/findTeamPlan","application/x-www-form-urlencoded","query","False","common/vendor.js"
"管理端","getCardListForPay","POST","/b/mainplan/getCardListForPay","application/x-www-form-urlencoded","query","False","common/vendor.js"
"管理端","getDrainerTimeList","POST","/b/mainplan/getDrainerTimeList2","application/x-www-form-urlencoded","query","False","common/vendor.js"
"管理端","putAbsentTag","POST","/b/mainplan/PutAbsentTag","application/x-www-form-urlencoded","write","False","common/vendor.js"
"管理端","replaceFormLine","POST","/b/mainplan/replaceFormLine","application/json","write","False","common/vendor.js"
"管理端","saveStaffRemark","POST","/b/mainplan/saveStaffRemark","application/x-www-form-urlencoded","write","False","common/vendor.js"
"管理端","updateAppointTime","POST","/b/mainplan/updateAppointTime","application/x-www-form-urlencoded","write","False","common/vendor.js"
"管理端","adduserbatch","POST","/b/manageuser/adduserbatch","application/json","write","False","common/vendor.js"
"管理端","addUserCard","POST","/b/manageuser/addUserCard","application/json","write","False","common/vendor.js"
"管理端","allUserchangeValidTime","POST","/b/manageuser/allUserchangeValidTime","application/json","write","False","common/vendor.js"
"管理端","alluserridofstopCard","POST","/b/manageuser/alluserridofstopCard","application/json","write","False","common/vendor.js"
"管理端","alluserstopUsercard","POST","/b/manageuser/alluserstopUsercard","application/json","write","False","common/vendor.js"
"管理端","applyHoliday","POST","/b/manageuser/applyHoliday","application/json","write","False","common/vendor.js"
"管理端","batchchangeAmount","POST","/b/manageuser/batchchangeAmount","application/json","write","False","common/vendor.js"
"管理端","batchchangeValidTime","POST","/b/manageuser/batchchangeValidTime","application/json","write","False","common/vendor.js"
"管理端","batchridofstopCard","POST","/b/manageuser/batchridofstopCard","application/json","write","False","common/vendor.js"
"管理端","batchstopUsercard","POST","/b/manageuser/batchstopUsercard","application/json","write","False","common/vendor.js"
"管理端","cancelHoliday","POST","/b/manageuser/cancelHoliday","application/x-www-form-urlencoded","write","False","common/vendor.js"
"管理端","changeAmount","POST","/b/manageuser/changeAmount","application/json","write","False","common/vendor.js"
"管理端","changeInitCardAmount","POST","/b/manageuser/changeInitCardAmount","application/x-www-form-urlencoded","write","False","common/vendor.js"
"管理端","changeValidTime","POST","/b/manageuser/changeValidTime","application/json","write","False","common/vendor.js"
"管理端","delUser","POST","/b/manageuser/delUser","application/json","write","False","common/vendor.js"
"管理端","delUserCard","POST","/b/manageuser/delUserCard","application/x-www-form-urlencoded","write","False","common/vendor.js"
"管理端","findAmountChangeLog","POST","/b/manageuser/findAmountChangeLog","application/x-www-form-urlencoded","query","False","common/vendor.js"
"管理端","findbatchUserCardList","POST","/b/manageuser/findbatchUserCardList","application/json","query","False","common/vendor.js"
"管理端","findLastUserHoliday","POST","/b/manageuser/findLastUserHoliday","application/x-www-form-urlencoded","query","False","common/vendor.js"
"管理端","findModifyLog","POST","/b/manageuser/findModifyLog","application/x-www-form-urlencoded","query","False","common/vendor.js"
"管理端","findPunishLog","POST","/b/manageuser/findPunishLog","application/x-www-form-urlencoded","query","False","common/vendor.js"
"管理端","findAllUser","POST","/b/manageuser/findUser2","application/json","query","False","common/vendor.js"
"管理端","findAllUser2","POST","/b/manageuser/findUser2","application/json","query","False","common/vendor.js"
"管理端","findUser","POST","/b/manageuser/findUser2","application/json","query","False","common/vendor.js"
"管理端","findUserAppointList","POST","/b/manageuser/findUserAppointList","application/x-www-form-urlencoded","query","False","common/vendor.js"
"管理端","findUserAppointOne","POST","/b/manageuser/findUserAppointOne","application/x-www-form-urlencoded","query","False","common/vendor.js"
"管理端","findUserdy","POST","/b/manageuser/findUserdy2","application/json","query","False","common/vendor.js"
"管理端","getDefaultFee","POST","/b/manageuser/getDefaultFee","application/x-www-form-urlencoded","query","False","common/vendor.js"
"管理端","getDelUserList","POST","/b/manageuser/getDelUserList","application/x-www-form-urlencoded","query","False","common/vendor.js"
"管理端","getLastStopUsercardLog","POST","/b/manageuser/getLastStopUsercardLog","application/json","query","False","common/vendor.js"
"管理端","getOneUserCardInfo","POST","/b/manageuser/getOneUserCardInfo","application/x-www-form-urlencoded","query","False","common/vendor.js"
"管理端","getOrderListByUserCardId","POST","/b/manageuser/getOrderListByUserCardId","application/x-www-form-urlencoded","query","False","common/vendor.js"
"管理端","getpinyinCharList","POST","/b/manageuser/getpinyinCharList","application/x-www-form-urlencoded","query","False","common/vendor.js"
"管理端","getsalestaffuserid","POST","/b/manageuser/getsalestaffuserid","application/x-www-form-urlencoded","query","False","common/vendor.js"
"管理端","getShareKey","POST","/b/manageuser/getShareKey","application/x-www-form-urlencoded","query","False","common/vendor.js"
"管理端","getSumCardInfo","POST","/b/manageuser/getSumCardInfo","application/x-www-form-urlencoded","query","False","common/vendor.js"
"管理端","getUserCardInfo","POST","/b/manageuser/getUserCardInfo","application/x-www-form-urlencoded","query","False","common/vendor.js"
"管理端","pinyinList","POST","/b/manageuser/pinyinList","application/x-www-form-urlencoded","query","False","common/vendor.js"
"管理端","recoverUserCard","POST","/b/manageuser/recoverUserCard","application/x-www-form-urlencoded","write","False","common/vendor.js"
"管理端","repaySubmit","POST","/b/manageuser/repaySubmit","application/json","write","False","common/vendor.js"
"管理端","oneRidofstopCard","POST","/b/manageuser/ridofstopCard","application/x-www-form-urlencoded","write","False","common/vendor.js"
"管理端","saveOrderAmount1","POST","/b/manageuser/saveOrderAmount","application/json","write","False","common/vendor.js"
"管理端","saveuser","POST","/b/manageuser/saveuser","application/json","write","False","common/vendor.js"
"管理端","selectAllCardOfSite","POST","/b/manageuser/selectAllCardOfSite","application/json","query","False","common/vendor.js"
"管理端","setOpenType","POST","/b/manageuser/setOpenType","application/json","write","False","common/vendor.js"
"管理端","setUserNoLogin","POST","/b/manageuser/setUserNoLogin","application/x-www-form-urlencoded","write","False","common/vendor.js"
"管理端","stopUsercard","POST","/b/manageuser/stopUsercard","application/json","write","False","common/vendor.js"
"管理端","sumReport","POST","/b/manageuser/sumReport","application/x-www-form-urlencoded","query","False","common/vendor.js"
"管理端","transferToUser","POST","/b/manageuser/transferToUser","application/json","write","False","common/vendor.js"
"管理端","unDeleteUser","POST","/b/manageuser/unDeleteUser","application/x-www-form-urlencoded","write","False","common/vendor.js"
"管理端","updateUserCardRemark","POST","/b/manageuser/updateUserCardRemark","application/x-www-form-urlencoded","write","False","common/vendor.js"
"管理端","updateUserRemark","POST","/b/manageuser/updateUserRemark","application/json","write","False","common/vendor.js"
"管理端","updateUserTag","POST","/b/manageuser/updateUserTag","application/json","write","False","common/vendor.js"
"管理端","findMyOrder","POST","/b/platform/findMyOrder","application/x-www-form-urlencoded","query","False","common/vendor.js"
"管理端","findserviceSuccessOrder","POST","/b/platform/findserviceSuccessOrder","application/x-www-form-urlencoded","query","False","common/vendor.js"
"管理端","getAgreement","POST","/b/platform/getAgreement","application/x-www-form-urlencoded","query","False","common/vendor.js"
"管理端","getSiteInfo","POST","/b/platform/getSiteInfo","application/x-www-form-urlencoded","query","False","common/vendor.js"
"管理端","pricelist","POST","/b/platform/pricelist","application/x-www-form-urlencoded","query","False","common/vendor.js"
"管理端","submitSecretkey","POST","/b/platform/submitSecretkey","application/x-www-form-urlencoded","write","False","common/vendor.js"
"管理端","submitwexinOrder","POST","/b/platform/submitwexinOrder","application/x-www-form-urlencoded","write","False","common/vendor.js"
"管理端","addUserPoint","POST","/b/report2/addUserPoint","application/x-www-form-urlencoded","write","False","common/vendor.js"
"管理端","clearUserPoint","POST","/b/report2/clearUserPoint","application/x-www-form-urlencoded","write","False","common/vendor.js"
"管理端","computeAgain","POST","/b/report2/computeAgain","application/x-www-form-urlencoded","write","False","common/vendor.js"
"管理端","CourseMonthList","POST","/b/report2/CourseMonthList","application/x-www-form-urlencoded","query","False","common/vendor.js"
"管理端","delPointLog","POST","/b/report2/delPointLog","application/x-www-form-urlencoded","write","False","common/vendor.js"
"管理端","editPointLog","POST","/b/report2/editPointLog","application/x-www-form-urlencoded","write","False","common/vendor.js"
"管理端","findBalaceZeroCard","POST","/b/report2/findBalaceZeroCard","application/x-www-form-urlencoded","query","False","common/vendor.js"
"管理端","findCourseRepListForWeb","POST","/b/report2/findCourseRepListForWeb","application/x-www-form-urlencoded","query","False","common/vendor.js"
"管理端","findCourseRepListForWebDetail","POST","/b/report2/findCourseRepListForWebDetail","application/x-www-form-urlencoded","query","False","common/vendor.js"
"管理端","findHolidayCardList","POST","/b/report2/findHolidayCardList","application/x-www-form-urlencoded","query","False","common/vendor.js"
"管理端","findNoclassUserList","POST","/b/report2/findNoclassUserList","application/x-www-form-urlencoded","query","False","common/vendor.js"
"管理端","findPrivateAppontmentofStaffuserid1","POST","/b/report2/findPrivateAppontmentofStaffuserid","application/x-www-form-urlencoded","query","False","common/vendor.js"
"管理端","findPrivateCourseList","POST","/b/report2/findPrivateCourseList","application/x-www-form-urlencoded","query","False","common/vendor.js"
"管理端","findPrivateCourseWebDetail","POST","/b/report2/findPrivateCourseWebDetail","application/x-www-form-urlencoded","query","False","common/vendor.js"
"管理端","findPunishUserCardList","POST","/b/report2/findPunishUserCardList","application/x-www-form-urlencoded","query","False","common/vendor.js"
"管理端","findSaleManSalary","POST","/b/report2/findSaleManSalary","application/x-www-form-urlencoded","query","False","common/vendor.js"
"管理端","findSaleManSalary_card","POST","/b/report2/findSaleManSalary_card","application/x-www-form-urlencoded","query","False","common/vendor.js"
"管理端","findSaleManSalary_user","POST","/b/report2/findSaleManSalary_user","application/x-www-form-urlencoded","query","False","common/vendor.js"
"管理端","FindsiteModifyLog","POST","/b/report2/FindsiteModifyLog","application/json","query","False","common/vendor.js"
"管理端","findStaffCourseWeb","POST","/b/report2/findStaffCourseWeb","application/x-www-form-urlencoded","query","False","common/vendor.js"
"管理端","findStaffPrivateAppointment","POST","/b/report2/findStaffPrivateAppointment","application/x-www-form-urlencoded","query","False","common/vendor.js"
"管理端","findStaffTeamAppointment","POST","/b/report2/findStaffTeamAppointment","application/x-www-form-urlencoded","query","False","common/vendor.js"
"管理端","findUserAnniversary","POST","/b/report2/findUserAnniversary","application/x-www-form-urlencoded","query","False","common/vendor.js"
"管理端","findUserAppointList","POST","/b/report2/findUserAppointList","application/x-www-form-urlencoded","query","False","common/vendor.js"
"管理端","findUserBirthday","POST","/b/report2/findUserBirthday","application/x-www-form-urlencoded","query","False","common/vendor.js"
"管理端","findUserByVisitor","POST","/b/report2/findUserByVisitor","application/x-www-form-urlencoded","query","False","common/vendor.js"
"管理端","findUserCostForWeb","POST","/b/report2/findUserCostForWeb","application/x-www-form-urlencoded","query","False","common/vendor.js"
"管理端","findUserDetailOfOneSaler","POST","/b/report2/findUserDetailOfOneSaler","application/x-www-form-urlencoded","query","False","common/vendor.js"
"管理端","findUserPointList","POST","/b/report2/findUserPointList","application/x-www-form-urlencoded","query","False","common/vendor.js"
"管理端","findWebstaffSalaryList","POST","/b/report2/findWebstaffSalaryList","application/x-www-form-urlencoded","query","False","common/vendor.js"
"管理端","findwillExpireCard","POST","/b/report2/findwillExpireCard","application/x-www-form-urlencoded","query","False","common/vendor.js"
"管理端","findWillOpenUserCardList","POST","/b/report2/findWillOpenUserCardList","application/x-www-form-urlencoded","query","False","common/vendor.js"
"管理端","getAllCardInfoIncludeUnionReport","POST","/b/report2/getAllCardInfoIncludeUnionReport","application/x-www-form-urlencoded","query","False","common/vendor.js"
"管理端","getAllStaff","POST","/b/report2/getAllStaff","application/x-www-form-urlencoded","query","False","common/vendor.js"
"管理端","getMemeberSalaryConfig","POST","/b/report2/getMemeberSalaryConfig","application/x-www-form-urlencoded","query","False","common/vendor.js"
"管理端","getOnestaffInMonthDetail1","POST","/b/report2/getOnestaffInMonthDetail","application/x-www-form-urlencoded","query","False","common/vendor.js"
"管理端","getOnestaffInMonthSum1","POST","/b/report2/getOnestaffInMonthSum","application/x-www-form-urlencoded","query","False","common/vendor.js"
"管理端","getSalaryConfig","POST","/b/report2/getSalaryConfig","application/x-www-form-urlencoded","query","False","common/vendor.js"
"管理端","getSalaryConfigOfOneStaff","POST","/b/report2/getSalaryConfigOfOneStaff","application/x-www-form-urlencoded","query","False","common/vendor.js"
"管理端","getSaleStaffList","POST","/b/report2/getSaleStaffList","application/x-www-form-urlencoded","query","False","common/vendor.js"
"管理端","getsiteModifyType","POST","/b/report2/getsiteModifyType","application/x-www-form-urlencoded","query","False","common/vendor.js"
"管理端","getUserPointConfig","POST","/b/report2/getUserPointConfig","application/x-www-form-urlencoded","query","False","common/vendor.js"
"管理端","mainpage","POST","/b/report2/mainpage","application/x-www-form-urlencoded","query","False","common/vendor.js"
"管理端","PointListByUserId","POST","/b/report2/PointListByUserId","application/x-www-form-urlencoded","query","False","common/vendor.js"
"管理端","PriCourseDayList","POST","/b/report2/PriCourseDayList","application/x-www-form-urlencoded","query","False","common/vendor.js"
"管理端","profitDayList","POST","/b/report2/profitDayList","application/x-www-form-urlencoded","query","False","common/vendor.js"
"管理端","profitList","POST","/b/report2/profitList","application/x-www-form-urlencoded","query","False","common/vendor.js"
"管理端","profitMonthList","POST","/b/report2/profitMonthList","application/x-www-form-urlencoded","query","False","common/vendor.js"
"管理端","RankCardInfo_cardId","POST","/b/report2/RankCardInfo_cardId","application/x-www-form-urlencoded","query","False","common/vendor.js"
"管理端","ReComputeSalary","POST","/b/report2/ReComputeSalary","application/x-www-form-urlencoded","write","False","common/vendor.js"
"管理端","SalaryStaffList","POST","/b/report2/SalaryStaffList","application/x-www-form-urlencoded","query","False","common/vendor.js"
"管理端","salerList","POST","/b/report2/salerList","application/x-www-form-urlencoded","query","False","common/vendor.js"
"管理端","saveconfig","POST","/b/report2/saveconfig","application/json","write","False","common/vendor.js"
"管理端","saveMemeberSalaryConfig","POST","/b/report2/saveMemeberSalaryConfig","application/json","write","False","common/vendor.js"
"管理端","saveSalaryConfig","POST","/b/report2/saveSalaryConfig","application/json","write","False","common/vendor.js"
"管理端","saveSalaryConfigOfOneStaff","POST","/b/report2/saveSalaryConfigOfOneStaff","application/json","write","False","common/vendor.js"
"管理端","saveUserPointConfig","POST","/b/report2/saveUserPointConfig","application/json","write","False","common/vendor.js"
"管理端","substractUserPoint","POST","/b/report2/substractUserPoint","application/x-www-form-urlencoded","write","False","common/vendor.js"
"管理端","sumMainCourseList","POST","/b/report2/sumMainCourseList","application/x-www-form-urlencoded","query","False","common/vendor.js"
"管理端","sumSaleSalary","POST","/b/report2/sumSaleSalary","application/x-www-form-urlencoded","write","False","common/vendor.js"
"管理端","sumUserExpendPrice","POST","/b/report2/sumUserExpendPrice","application/x-www-form-urlencoded","query","False","common/vendor.js"
"管理端","TeamCourseDayList","POST","/b/report2/TeamCourseDayList","application/x-www-form-urlencoded","query","False","common/vendor.js"
"管理端","UserCardAnalyze","POST","/b/report2/UserCardAnalyze","application/x-www-form-urlencoded","query","False","common/vendor.js"
"管理端","userCourseRank","POST","/b/report2/userCourseRank","application/x-www-form-urlencoded","query","False","common/vendor.js"
"管理端","userOrderList","POST","/b/report2/userOrderList","application/x-www-form-urlencoded","query","False","common/vendor.js"
"管理端","userOrderRank","POST","/b/report2/userOrderRank","application/x-www-form-urlencoded","query","False","common/vendor.js"
"管理端","getAllAppointConfig","POST","/b/setting/getAppointSetting","application/x-www-form-urlencoded","query","False","common/vendor.js"
"管理端","getPlanHint","POST","/b/setting/getPlanHint","application/x-www-form-urlencoded","query","False","common/vendor.js"
"管理端","getPlanTitle","POST","/b/setting/getPlanTitle","application/x-www-form-urlencoded","query","False","common/vendor.js"
"管理端","getuserFieldSetting","POST","/b/setting/getuserFieldSetting","application/json","query","False","common/vendor.js"
"管理端","saveAppointConfig","POST","/b/setting/saveAppointSetting","application/json","write","False","common/vendor.js"
"管理端","savePlanHint","POST","/b/setting/savePlanHint","application/json","write","False","common/vendor.js"
"管理端","savePlanTitle","POST","/b/setting/savePlanTitle","application/x-www-form-urlencoded","write","False","common/vendor.js"
"管理端","getSiteInfo","POST","/b/site/getSiteInfo","application/x-www-form-urlencoded","query","False","common/vendor.js"
"管理端","mergeOpentime","POST","/b/site/mergeOpentime","application/json","write","False","common/vendor.js"
"管理端","saveSiteInfo","POST","/b/site/saveSiteInfo","application/json","write","False","common/vendor.js"
"管理端","acceptInvite","POST","/b/staff/acceptInvite","application/x-www-form-urlencoded","write","False","common/vendor.js"
"管理端","changeSiteOwner","POST","/b/staff/changeSiteOwner","application/x-www-form-urlencoded","write","False","common/vendor.js"
"管理端","checkExistPlan","POST","/b/staff/checkExistPlan","application/x-www-form-urlencoded","query","False","common/vendor.js"
"管理端","delstaff","POST","/b/staff/delstaff","application/x-www-form-urlencoded","write","False","common/vendor.js"
"管理端","findAllFunction","POST","/b/staff/findAllFunction","application/x-www-form-urlencoded","query","False","common/vendor.js"
"管理端","findDefaultRole","POST","/b/staff/findDefaultRole","application/json","query","False","common/vendor.js"
"管理端","findRoleList","POST","/b/staff/findRoleList","application/x-www-form-urlencoded","query","False","common/vendor.js"
"管理端","getAllStaff","POST","/b/staff/getAll","application/x-www-form-urlencoded","query","False","common/vendor.js"
"管理端","getInviteData","POST","/b/staff/getInviteData","application/x-www-form-urlencoded","query","False","common/vendor.js"
"管理端","getUserOne","POST","/b/staff/getOne","application/x-www-form-urlencoded","query","False","common/vendor.js"
"管理端","getUserInfoBySign","POST","/b/staff/getUserInfoBySign?deviceId=","application/x-www-form-urlencoded","query","False","common/vendor.js"
"管理端","leaveWork","POST","/b/staff/leaveWork","application/x-www-form-urlencoded","write","False","common/vendor.js"
"管理端","saveRole","POST","/b/staff/saveRole","application/json","write","False","common/vendor.js"
"管理端","savestaff","POST","/b/staff/savestaff","application/json","write","False","common/vendor.js"
"管理端","aduserCount","POST","/b/staffuser/aduserCount","application/x-www-form-urlencoded","query","False","common/vendor.js"
"管理端","getMyInfo","POST","/b/staffuser/getMyInfo","application/x-www-form-urlencoded","query","False","common/vendor.js"
"管理端","getMySiteList","POST","/b/staffuser/getMySiteList","application/x-www-form-urlencoded","query","False","common/vendor.js"
"管理端","getSiteConfig","POST","/b/staffuser/getSiteConfig","application/x-www-form-urlencoded","query","False","common/vendor.js"
"管理端","loginout","POST","/b/staffuser/loginout","application/json","write","False","common/vendor.js"
"管理端","appointRecord","POST","/b/staffuser/selectAppoint","application/json","query","False","common/vendor.js"
"管理端","saleCard","POST","/b/staffuser/selectPayList","application/json","query","False","common/vendor.js"
"管理端","todayReport","POST","/b/staffuser/todayreport","application/json","query","False","common/vendor.js"
"管理端","updateMyInfo","POST","/b/staffuser/updateMyInfo","application/json","write","False","common/vendor.js"
"管理端","getStopInfo","POST","/b/staffuser/wxlogin","application/x-www-form-urlencoded","write","False","common/vendor.js"
"管理端","getStopInfo","POST","/b/staffuser/wxlogin?deviceId=","application/x-www-form-urlencoded","write","False","common/vendor.js"
"管理端","delUserOrder","POST","/b/userorder/delUserOrder","application/x-www-form-urlencoded","write","False","common/vendor.js"
"管理端","saveOrderAmount","POST","/b/userorder/saveOrderAmount","application/x-www-form-urlencoded","write","False","common/vendor.js"
"管理端","saveRemark","POST","/b/userorder/saveRemark","application/x-www-form-urlencoded","write","False","common/vendor.js"
"管理端","createAppCode","POST","/b/wx/createAppCode","application/x-www-form-urlencoded","write","False","common/vendor.js"
"管理端","getConst","POST","/common/const","application/json","query","False","common/vendor.js"
"管理端","dictData","POST","/common/dict","application/json","query","False","common/vendor.js"
"管理端","getUnionId","POST","/wx/getUnionId","application/x-www-form-urlencoded","query","False","common/vendor.js"
"管理端","getWeixinPhoneNumber","POST","/wx/getWeixinPhoneNumber","application/x-www-form-urlencoded","write","False","common/vendor.js"
"会员端","applyAppointment","POST","/c/user/applyAppointment","application/json","write","False","common/vendor.js"
"会员端","cancelAppoint","POST","/c/user/cancelAppoint","application/x-www-form-urlencoded","write","False","common/vendor.js"
"会员端","cardPrivilege","POST","/c/user/cardPrivilege","application/x-www-form-urlencoded","query","False","common/vendor.js"
"会员端","checkCloseSite","POST","/c/user/checkCloseSite","application/x-www-form-urlencoded","query","False","common/vendor.js"
"会员端","deleteUserCard","POST","/c/user/deleteUserCard","application/x-www-form-urlencoded","write","False","common/vendor.js"
"会员端","findAllPrivateDrainerList","POST","/c/user/findAllPrivateDrainerList","application/x-www-form-urlencoded","query","False","common/vendor.js"
"会员端","findAmountChangeLog","POST","/c/user/findAmountChangeLog","application/x-www-form-urlencoded","query","False","common/vendor.js"
"会员端","finddelUsercard","POST","/c/user/finddelUsercard","application/x-www-form-urlencoded","query","False","common/vendor.js"
"会员端","findModifyLog","POST","/c/user/findModifyLog","application/x-www-form-urlencoded","query","False","common/vendor.js"
"会员端","findOneDrainerDetail","POST","/c/user/findOneDrainerDetail","application/x-www-form-urlencoded","query","False","common/vendor.js"
"会员端","findOneDrainerDetail_noToken","POST","/c/user/findOneDrainerDetail_noToken","application/x-www-form-urlencoded","query","False","common/vendor.js"
"会员端","findTeamPlan","POST","/c/user/findTeamPlan","application/x-www-form-urlencoded","query","False","common/vendor.js"
"会员端","findUserAppointList","POST","/c/user/findUserAppointList","application/x-www-form-urlencoded","query","False","common/vendor.js"
"会员端","getAllCardInfo","POST","/c/user/getAllCardInfo","application/x-www-form-urlencoded","query","False","common/vendor.js"
"会员端","getCardListForPay","POST","/c/user/getCardListForPay","application/x-www-form-urlencoded","query","False","common/vendor.js"
"会员端","getDrainerTimeList","POST","/c/user/getDrainerTimeList","application/x-www-form-urlencoded","query","False","common/vendor.js"
"会员端","getMyUserInfo","POST","/c/user/getMyUserInfo","application/x-www-form-urlencoded","query","False","common/vendor.js"
"会员端","getNoticeList","POST","/c/user/getNoticeList","application/x-www-form-urlencoded","query","False","common/vendor.js"
"会员端","getOnePlan","POST","/c/user/getOnePlan","application/x-www-form-urlencoded","query","False","common/vendor.js"
"会员端","getOnePlan_noToken","POST","/c/user/getOnePlan_noToken","application/x-www-form-urlencoded","query","False","common/vendor.js"
"会员端","getSiteFaceimage","POST","/c/user/getSiteFaceimage","application/x-www-form-urlencoded","query","False","common/vendor.js"
"会员端","getUserCardInfo","POST","/c/user/getUserCardInfo","application/x-www-form-urlencoded","query","False","common/vendor.js"
"会员端","getUserInfoForUpdate","POST","/c/user/getUserInfoForUpdate","application/x-www-form-urlencoded","query","False","common/vendor.js"
"会员端","getuserProtocolSetting","POST","/c/user/getuserProtocolSetting","application/x-www-form-urlencoded","query","False","common/vendor.js"
"会员端","getwarmHint","POST","/c/user/getwarmHint","application/x-www-form-urlencoded","query","False","common/vendor.js"
"会员端","getwarmHintNoToken","POST","/c/user/getwarmHint_noToken","application/x-www-form-urlencoded","query","False","common/vendor.js"
"会员端","getwxCardParam","POST","/c/user/getwxCardParam","application/x-www-form-urlencoded","write","False","common/vendor.js"
"会员端","myMainpage","POST","/c/user/myMainpage","application/x-www-form-urlencoded","query","False","common/vendor.js"
"会员端","myOrderList","POST","/c/user/myOrderList","application/x-www-form-urlencoded","query","False","common/vendor.js"
"会员端","myOrderList_notoken","POST","/c/user/myOrderList_notoken","application/x-www-form-urlencoded","query","False","common/vendor.js"
"会员端","PointListByUserId","POST","/c/user/PointListByUserId","application/x-www-form-urlencoded","query","False","common/vendor.js"
"会员端","putweixincard","POST","/c/user/putweixincard","application/x-www-form-urlencoded","write","False","common/vendor.js"
"会员端","putweixinList","POST","/c/user/putweixinList","application/x-www-form-urlencoded","write","False","common/vendor.js"
"会员端","rankList","POST","/c/user/rankList","application/x-www-form-urlencoded","write","False","common/vendor.js"
"会员端","recoverdelUserCard","POST","/c/user/recoverdelUserCard","application/x-www-form-urlencoded","write","False","common/vendor.js"
"会员端","register","POST","/c/user/register","application/x-www-form-urlencoded","write","False","common/vendor.js"
"会员端","replaceFormLine","POST","/c/user/replaceFormLine","application/json","write","False","common/vendor.js"
"会员端","selectAppoint","POST","/c/user/selectAppoint","application/x-www-form-urlencoded","query","False","common/vendor.js"
"会员端","selectAppointOfMonth","POST","/c/user/selectAppointOfMonth","application/x-www-form-urlencoded","query","False","common/vendor.js"
"会员端","selectOneAppoint","POST","/c/user/selectOneAppoint","application/x-www-form-urlencoded","query","False","common/vendor.js"
"会员端","submitCard","POST","/c/user/submitcard","application/x-www-form-urlencoded","write","False","common/vendor.js"
"会员端","sumAppointOfMonth","POST","/c/user/sumAppointOfMonth","application/x-www-form-urlencoded","query","False","common/vendor.js"
"会员端","sumUserList","POST","/c/user/sumUserList","application/x-www-form-urlencoded","query","False","common/vendor.js"
"会员端","takeByuserCardId","POST","/c/user/takeByuserCardId","application/x-www-form-urlencoded","write","False","common/vendor.js"
"会员端","UpdateUserInfo","POST","/c/user/UpdateUserInfo","application/json","write","False","common/vendor.js"
"会员端","getLoginInfo","POST","/c/user/wxlogin","application/x-www-form-urlencoded","write","False","common/vendor.js"
"会员端","getCommonData","POST","/common/dict","application/json","query","False","common/vendor.js"
"会员端","getUnionId","POST","/wx/getUnionId","application/x-www-form-urlencoded","write","False","common/vendor.js"
"会员端","getWeixinPhoneNumber","POST","/wx/getWeixinPhoneNumber","application/x-www-form-urlencoded","write","False","common/vendor.js"
