"App","Source","Line","Target","Kind","Registered"
"会员端","common/vendor.js","15384","pages/authorization/noLogin/index","internal","True"
"会员端","common/vendor.js","15542","pages/start/index","internal","True"
"会员端","common/vendor.js","15550","pages/start/index","internal","True"
"会员端","components/appointment-list/index.js","235","pageHome/appointmentDetails/index","internal","True"
"会员端","components/ff-bottom-logo/index.js","46","pages/webView/index","internal","True"
"会员端","components/ff-bottom-logo/showLogo.js","16","pages/webView/index","internal","True"
"会员端","pageCourse/clusterCourse/index.js","521","pages/appointmentCourse/index","internal","True"
"会员端","pageCourse/clusterCourse/index.js","706","pages/appointmentCourse/index","internal","True"
"会员端","pageCourse/clusterCourse/index.js","713","pages/start/index","internal","True"
"会员端","pageCourse/clusterCourse/share-index.js","212","pages/start/index","internal","True"
"会员端","pageCourse/coachCourse/index.js","386","pages/appointmentCourse/index","internal","True"
"会员端","pageCourse/coachCourse/index.js","397","pages/appointmentCourse/index","internal","True"
"会员端","pageCourse/coachCourse/share-index.js","315","pages/start/index","internal","True"
"会员端","pageHome/buyingCard/buySuccess.js","63","pages/mine/index","internal","True"
"会员端","pageHome/buyingCard/buySuccess.js","66","pages/index/index","internal","True"
"会员端","pageHome/buyingCard/components/confirm-card-info.js","178","pageHome/buyingCard/buySuccess","internal","True"
"会员端","pageHome/buyingCard/components/confirm-card-info.js","191","pageHome/buyingCard/buySuccess","internal","True"
"会员端","pageHome/toggleShop/index.js","43","pages/index/index","internal","True"
"会员端","pageMine/myInfo/index.js","117","pageMine/modifidInfo/index","internal","True"
"会员端","pageMine/totalStatistics/index.js","71","pageMine/appointmentStatistics/index","internal","True"
"会员端","pages/appointmentCourse/index.js","161","pages/authorization/info/index","internal","True"
"会员端","pages/appointmentCourse/index.js","236","pageCourse/coachCourse/index","internal","True"
"会员端","pages/appointmentCourse/index.js","258","pageCourse/clusterCourse/index","internal","True"
"会员端","pages/authorization/info/index.js","140","pages/authorization/phone/index","internal","True"
"会员端","pages/authorization/phone/index.js","190","pages/authorization/noLogin/index","internal","True"
"会员端","pages/authorization/phone/index.js","196","pages/not/index","internal","True"
"会员端","pages/index/index.js","79","pageHome/QRcode/QRcode","internal","True"
"会员端","pages/index/index.js","88","pageHome/buyingCard/index","internal","True"
"会员端","pages/index/index.js","107","pages/appointmentCourse/index","internal","True"
"会员端","pages/index/index.js","157","pageHome/toggleShop/index","internal","True"
"会员端","pages/index/index.js","161","pageHome/informDetails/index","internal","True"
"会员端","pages/mine/index.js","185","pages/authorization/info/index","internal","True"
"会员端","pages/mine/index.js","189","pages/authorization/info/index","internal","True"
"会员端","pages/not/index.js","91","pages/start/index","internal","True"
"会员端","pages/not/index.js","94","pages/authorization/phone/index","internal","True"
"会员端","pages/receiveCard/authorization/info/index.js","145","pages/receiveCard/authorization/phone/index","internal","True"
"会员端","pages/receiveCard/authorization/phone/index.js","118","pages/index/index","internal","True"
"会员端","pages/receiveCard/components/hint.js","34","pages/authorization/info/index","internal","True"
"会员端","pages/receiveCard/index.js","139","pages/start/index","internal","True"
"会员端","pages/receiveCard/index.js","148","pages/receiveCard/authorization/info/index","internal","True"
"会员端","pages/receiveCard/index.js","200","pages/receiveCard/index","internal","True"
"会员端","pages/start/index.js","74","pages/authorization/info/index","internal","True"
"会员端","pages/start/index.js","81","pages/mine/index","internal","True"
"会员端","pages/start/index.js","99","pageCourse/clusterCourse/index","internal","True"
"会员端","pages/start/index.js","117","pageCourse/coachCourse/index","internal","True"
"会员端","pages/start/index.js","126","pages/appointmentCourse/index","internal","True"
"会员端","pages/start/index.js","131","pages/mine/index","internal","True"
"会员端","pages/start/index.js","136","pageHome/buyingCard/index","internal","True"
"会员端","pages/start/index.js","140","pages/index/index","internal","True"
"管理端","common/vendor.js","1","pages/start/index","internal","True"
"管理端","common/vendor.js","1","pages/start/index","internal","True"
"管理端","components/cardToolbox/getCard/index.js","122","pages/receiveCard/index","external_mini_program","True"
"管理端","components/cardToolbox/member-details.js","525","pageMember/details/index","internal","True"
"管理端","components/cardToolbox/member-details.js","610","pageMember/del-card/del-card","internal","True"
"管理端","components/expiredAlert/expiredAlert.js","157","pageServer/order","internal","True"
"管理端","components/mumber-card/index.js","76","pageMember/details/cardDetail","internal","True"
"管理端","pageChain/brand/index.js","166","uview-ui/components/u-avatar-cropper/u-avatar-cropper","internal","True"
"管理端","pageChain/card/components/create-mode.js","15","pageChain/card/home/subbranch-home","internal","True"
"管理端","pageChain/card/components/create-mode.js","20","pageChain/card/create/create","internal","True"
"管理端","pageChain/card/home/home.js","87","pagesImp/card/home/del-card-tp","internal","True"
"管理端","pageChain/card/home/home.js","110","pagesImp/card/member-card/index","internal","True"
"管理端","pageChain/cardStatistics/index.js","99","pageChain/cardStatistics/detailed-records","internal","True"
"管理端","pageChain/configStaff/index.js","40","pagesImp/shop/staff/invited-share","internal","True"
"管理端","pageChain/configStaff/index.js","48","pageChain/configStaff/staff-edit","internal","True"
"管理端","pageChain/configStaff/staff-edit.js","191","uview-ui/components/u-avatar-cropper/u-avatar-cropper","internal","True"
"管理端","pageChain/courseStatistics/detailed.js","185","pageMember/details/index","internal","True"
"管理端","pageChain/courseStatistics/detailed.js","204","pagesCourse/leagueClassDetails/index","internal","True"
"管理端","pageChain/courseStatistics/detailed.js","253","pageReport/coach/privateDetail","internal","False"
"管理端","pageChain/courseStatistics/detailed.js","255","pageReport/coach/leagueDelete","internal","False"
"管理端","pageChain/courseStatistics/index.js","244","pageChain/courseStatistics/detailed","internal","True"
"管理端","pageChain/storesManagement/index.js","155","pageChain/brand/index","internal","True"
"管理端","pageChain/storesManagement/index.js","166","pagesImp/shop/setting/store/store-setting","internal","True"
"管理端","pageChain/storesManagement/index.js","174","pagesImp/shop/setting/store/store-setting","internal","True"
"管理端","pageChain/storesManagement/index.js","251","pages/home/home","internal","True"
"管理端","pageConfig/coachLeave/coachLeave.js","207","pageConfig/coachLeave/editLeave","internal","True"
"管理端","pageConfig/coachLeave/coachLeave.js","216","pageConfig/coachLeave/editLeave","internal","True"
"管理端","pageConfig/coachLeave/index.js","72","pageConfig/coachLeave/coachLeave","internal","True"
"管理端","pageConfig/memberConfigKindReminder/index.js","160","pageConfig/memberConfigKindReminder/editMemberConfigKindReminder","internal","True"
"管理端","pageConfig/memberConfigShow/editMenberConfigShow.js","234","uview-ui/components/u-avatar-cropper/u-avatar-croppershop","internal","True"
"管理端","pageConfig/memberConfigShow/index.js","168","pageConfig/memberConfigShow/editMenberConfigShow","internal","True"
"管理端","pageConfig/membership/index.js","53","pages/member/member","internal","True"
"管理端","pageConfig/notificationManagement/index.js","134","pageConfig/notificationManagement/notification","internal","True"
"管理端","pageConfig/notificationManagement/index.js","143","pageConfig/notificationManagement/notification","internal","True"
"管理端","pageConfig/stopDoing/index.js","225","pageConfig/stopDoing/editStopDoing","internal","True"
"管理端","pageConfig/stopDoing/index.js","234","pageConfig/stopDoing/editStopDoing","internal","True"
"管理端","pageMember/del-member/del-member.js","163","pageMember/details/index","internal","True"
"管理端","pageMember/details/cardDetail.js","813","pageMember/details/card-consumption","internal","True"
"管理端","pageMember/details/cardDetail.js","837","pages/receiveCard/index","external_mini_program","True"
"管理端","pageMember/details/cardDetail.js","880","pageMember/information/index","internal","True"
"管理端","pageMember/details/cardDetail.js","970","pageMember/details/recordDetails","internal","True"
"管理端","pageMember/details/courseDetail.js","102","pageMember/details/recordDetails","internal","True"
"管理端","pageMember/details/index.js","273","pageMember/details/rechargeAmount","internal","True"
"管理端","pageMember/details/index.js","292","pageMember/details/memberPoint","internal","True"
"管理端","pageMember/details/index.js","311","pageMember/details/courseDetail","internal","True"
"管理端","pageMember/details/index.js","331","pageMember/details/courseDetail","internal","True"
"管理端","pageMember/details/index.js","351","pageMember/details/courseDetail","internal","True"
"管理端","pageMember/details/index.js","477","pageMember/details/cardDetail","internal","True"
"管理端","pageMember/details/index.js","507","pages/receiveCard/index","external_mini_program","True"
"管理端","pageMember/details/index.js","550","pageMember/information/index","internal","True"
"管理端","pageMember/details/index.js","602","pageMember/del-card/del-card","internal","True"
"管理端","pageMember/details/memberPoint.js","205","pageReport/courseAnalyze/teamCourseDetailRank","internal","True"
"管理端","pageMember/information/index.js","166","uview-ui/components/u-avatar-cropper/u-avatar-cropper","internal","True"
"管理端","pageMember/information/index.js","364","pages/member/member","internal","True"
"管理端","pageMember/screen.js","715","pageMember/details/index","internal","True"
"管理端","pageMember/screen.js","1196","pageMember/search","internal","True"
"管理端","pageMember/search.js","255","pageMember/details/index","internal","True"
"管理端","pageReport/coach/classStatistics.js","243","pageReport/coach/detailed","internal","True"
"管理端","pageReport/coach/detailed.js","157","pageMember/details/index","internal","True"
"管理端","pageReport/coach/detailed.js","175","pagesCourse/leagueClassDetails/index","internal","True"
"管理端","pageReport/coach/detailed.js","224","pageReport/coach/privateDetail","internal","False"
"管理端","pageReport/coach/detailed.js","226","pageReport/coach/leagueDelete","internal","False"
"管理端","pageReport/course/courseReportForm.js","323","pageReport/course/courseReportFormMonth","internal","True"
"管理端","pageReport/course/courseReportFormDay.js","121","pageMember/details/index","internal","True"
"管理端","pageReport/course/courseReportFormDay.js","128","pageMember/details/index","internal","True"
"管理端","pageReport/course/courseReportFormDay.js","146","pagesCourse/leagueClassDetails/index","internal","True"
"管理端","pageReport/course/courseReportFormDay.js","173","pageReport/coach/privateDetail","internal","False"
"管理端","pageReport/course/courseReportFormDay.js","175","pageReport/coach/leagueDelete","internal","False"
"管理端","pageReport/course/courseReportFormMonth.js","258","pageReport/course/courseReportFormDay","internal","True"
"管理端","pageReport/courseAnalyze/privateCourseDetailRank.js","231","pageMember/details/index","internal","True"
"管理端","pageReport/courseAnalyze/privateCourseDetailRank.js","247","pagesCourse/leagueClassDetails/index","internal","True"
"管理端","pageReport/courseAnalyze/privateCourseRank.js","405","pageReport/courseAnalyze/privateCourseDetailRank","internal","True"
"管理端","pageReport/courseAnalyze/teamCourseDetailRank.js","187","pageMember/details/index","internal","True"
"管理端","pageReport/courseAnalyze/teamCourseDetailRank.js","203","pagesCourse/leagueClassDetails/index","internal","True"
"管理端","pageReport/courseAnalyze/teamCourseRank.js","540","pageReport/courseAnalyze/teamCourseDetailRank","internal","True"
"管理端","pageReport/income/businessData.js","232","pageReport/income/businessDataDetail","internal","True"
"管理端","pageReport/income/businessDataDetail.js","149","pageMember/details/index","internal","True"
"管理端","pageReport/income/businessReportForm.js","162","pageReport/income/businessData","internal","True"
"管理端","pageReport/league/details.js","158","pagesCourse/leagueClassDetails/index","internal","True"
"管理端","pageReport/league/statistics.js","92","pageReport/league/details","internal","True"
"管理端","pageReport/memberAnalyze/allMember.js","274","pageMember/details/index","internal","True"
"管理端","pageReport/rank/courseRank.js","467","pageMember/details/index","internal","True"
"管理端","pageReport/rank/memberCard.js","311","pageMember/details/index","internal","True"
"管理端","pageReport/rank/memberCardAnalyze.js","341","pageReport/rank/memberCard","internal","True"
"管理端","pageReport/rank/memberCardAnalyze.js","348","pageReport/rank/memberCard","internal","True"
"管理端","pageReport/rank/memberConsumptionCardRank.js","461","pageMember/details/index","internal","True"
"管理端","pageReport/rank/memberPointRank.js","180","pageReport/rank/memberPointConfig","internal","True"
"管理端","pageReport/rank/memberPointRank.js","189","pageMember/details/index","internal","True"
"管理端","pageReport/rank/memberPointRank.js","197","pageMember/details/memberPoint","internal","True"
"管理端","pageReport/rank/membershipDetailRank.js","157","pageMember/details/index","internal","True"
"管理端","pageReport/rank/membershipRank.js","97","pageReport/rank/membershipDetailRank","internal","True"
"管理端","pageReport/rank/rankTop.js","174","pageMember/details/index","internal","True"
"管理端","pageReport/rank/siteModifyLog.js","141","pageMember/details/index","internal","True"
"管理端","pageReport/rank/siteModifyLog.js","146","pageMember/details/cardDetail","internal","True"
"管理端","pageReport/rank/siteModifyLog.js","234","pageMember/details/index","internal","True"
"管理端","pageReport/remind/birthdayRemind.js","66","pageReport/remind/component/cardExpiresSetting","internal","True"
"管理端","pageReport/remind/birthdayRemind.js","74","pageMember/details/index","internal","True"
"管理端","pageReport/remind/birthdayRemind.js","109","pageReport/course/courseReportFormDay","internal","True"
"管理端","pageReport/remind/cardExpires.js","220","pageMember/details/index","internal","True"
"管理端","pageReport/remind/cardExpires.js","247","pageReport/remind/component/cardExpiresSetting","internal","True"
"管理端","pageReport/remind/cardWill.js","79","pageMember/details/index","internal","True"
"管理端","pageReport/remind/cardWill.js","106","pageReport/remind/component/cardExpiresSetting","internal","True"
"管理端","pageReport/remind/findBalaceZeroCard.js","307","pageMember/details/index","internal","True"
"管理端","pageReport/remind/findBalaceZeroCard.js","312","pageReport/remind/component/findBalaceZeroSetting","internal","True"
"管理端","pageReport/remind/initiationDay.js","233","pageMember/details/index","internal","True"
"管理端","pageReport/remind/initiationDay.js","240","pageReport/remind/component/cardExpiresSetting","internal","True"
"管理端","pageReport/remind/leavedDue.js","275","pageMember/details/index","internal","True"
"管理端","pageReport/remind/leavedDue.js","302","pageReport/remind/component/cardExpiresSetting","internal","True"
"管理端","pageReport/remind/missClassRemind.js","175","pageMember/details/index","internal","True"
"管理端","pageReport/remind/missClassRemind.js","185","pageReport/remind/component/cardExpiresSetting","internal","True"
"管理端","pageReport/remind/penalizeCard.js","224","pageMember/details/index","internal","True"
"管理端","pageReport/remind/penalizeCard.js","251","pageReport/remind/component/cardExpiresSetting","internal","True"
"管理端","pageReport/remind/visitorRemind.js","253","pageReport/remind/component/cardExpiresSetting","internal","True"
"管理端","pageReport/remind/visitorRemind.js","267","pageMember/details/index","internal","True"
"管理端","pageReport/teacherMembership/detailed.js","173","pageMember/details/index","internal","True"
"管理端","pageReport/teacherMembership/detailed.js","191","pagesCourse/leagueClassDetails/index","internal","True"
"管理端","pageReport/teacherMembership/detailed.js","250","pageReport/coach/privateDetail","internal","False"
"管理端","pageReport/teacherMembership/detailed.js","252","pageReport/coach/leagueDelete","internal","False"
"管理端","pageReport/teacherMembership/memberShipSalary.js","270","pageReport/teacherMembership/memberShipSalaryDetail","internal","True"
"管理端","pageReport/teacherMembership/memberShipSalary.js","349","pageReport/teacherMembership/memberSalaryType","internal","True"
"管理端","pageReport/teacherMembership/memberShipSalary.js","379","pageReport/teacherMembership/detailed","internal","True"
"管理端","pageReport/teacherMembership/memberShipSalary.js","391","pageReport/teacherMembership/personalSalarySetting","internal","True"
"管理端","pageReport/teacherMembership/memberShipSalaryDetail.js","123","pageMember/details/cardDetail","internal","True"
"管理端","pageReport/teacherMembership/memberShipSalaryDetail.js","144","pageMember/details/index","internal","True"
"管理端","pageReport/teacherMembership/memberShipSalaryDetail.js","151","pageMember/details/index","internal","True"
"管理端","pageReport/teacherMembership/memberShipSalaryDetail.js","169","pagesCourse/leagueClassDetails/index","internal","True"
"管理端","pageReport/teacherMembership/memberShipSalaryDetail.js","206","pageReport/coach/privateDetail","internal","False"
"管理端","pageReport/teacherMembership/memberShipSalaryDetail.js","208","pageReport/coach/leagueDelete","internal","False"
"管理端","pageReport/teacherMembership/personalSalary.js","116","pageReport/teacherMembership/personalSalaryDetail","internal","True"
"管理端","pageReport/teacherMembership/personalSalary.js","197","pageReport/teacherMembership/personalSalarySetting","internal","True"
"管理端","pageReport/teacherMembership/personalSalary.js","227","pageReport/teacherMembership/detailed","internal","True"
"管理端","pageReport/teacherMembership/personalSalary.js","239","pageReport/teacherMembership/personalSalarySetting","internal","True"
"管理端","pageReport/teacherMembership/personalSalaryDetail.js","135","pageMember/details/index","internal","True"
"管理端","pageReport/teacherMembership/personalSalaryDetail.js","142","pageMember/details/index","internal","True"
"管理端","pageReport/teacherMembership/personalSalaryDetail.js","160","pagesCourse/leagueClassDetails/index","internal","True"
"管理端","pageReport/teacherMembership/personalSalaryDetail.js","213","pageReport/coach/privateDetail","internal","False"
"管理端","pageReport/teacherMembership/personalSalaryDetail.js","215","pageReport/coach/leagueDelete","internal","False"
"管理端","pageReport/teacherMembership/personalSalarySetting.js","50","pageReport/teacherMembership/personalSalaryFixedClassHours","internal","True"
"管理端","pageReport/teacherMembership/personalSalarySetting.js","56","pageReport/teacherMembership/personalSalaryFixedPersonTime","internal","True"
"管理端","pageReport/teacherMembership/personalSalarySetting.js","62","pageReport/teacherMembership/personalSalaryFixedCourseAmount","internal","True"
"管理端","pageReport/teacherMembership/personalSalarySetting.js","69","pageReport/teacherMembership/personalSalaryType","internal","True"
"管理端","pageReport/teacherMembership/personalSalarySetting.js","75","pageMember/details/memberPoint","internal","True"
"管理端","pageReport/teacherMembership/staffCourse.js","511","pageReport/teacherMembership/detailed","internal","True"
"管理端","pageReport/userCost/userCost.js","217","pageMember/details/index","internal","True"
"管理端","pages/course/course.js","386","pagesCourse/personalTrainerDetails/index","internal","True"
"管理端","pages/course/course.js","407","pagesCourse/leagueClassDetails/index","internal","True"
"管理端","pages/home/components/appoint-item.js","249","pageMember/details/recordDetails","internal","True"
"管理端","pages/home/home.js","186","pageReport/teacherMembership/memberSalaryType","internal","True"
"管理端","pages/home/home.js","190","pagesImp/QRcode/QRcode","internal","True"
"管理端","pages/home/home.js","194","pageReport/income/businessReportForm","internal","True"
"管理端","pages/home/home.js","230","pageMember/details/index","internal","True"
"管理端","pages/home/home.js","255","pageServer/order","internal","True"
"管理端","pages/home/home.js","260","pagesCourse/home/venue","internal","True"
"管理端","pages/login/login.js","64","pagesImp/login/bind","cross_platform_dead_code","True"
"管理端","pages/member/member.js","537","pages/report/report","internal","True"
"管理端","pages/member/member.js","538","pageMember/screen","internal","True"
"管理端","pages/member/member.js","541","pageMember/screen","internal","True"
"管理端","pages/member/member.js","548","pagesImp/shop/setting/store/store-setting","internal","True"
"管理端","pages/member/member.js","551","pages/shop/authorizationPage/info/index","internal","True"
"管理端","pages/member/member.js","553","pageMember/information/index","internal","True"
"管理端","pages/member/member.js","559","pageMember/details/index","internal","True"
"管理端","pages/member/member.js","839","pageMember/search","internal","True"
"管理端","pages/member/member.js","869","pageMember/screen","internal","True"
"管理端","pages/member/member.js","929","pageMember/screen","internal","True"
"管理端","pages/member/member.js","951","pageMember/del-member/del-member","internal","True"
"管理端","pages/member/member.js","954","pageMember/screen","internal","True"
"管理端","pages/report/report.js","499","pageReport/income/businessData","internal","True"
"管理端","pages/report/report.js","507","pageReport/course/courseReportFormMonth","internal","True"
"管理端","pages/report/report.js","521","pageReport/income/businessReportForm","internal","True"
"管理端","pages/report/report.js","524","pageReport/course/courseReportForm","internal","True"
"管理端","pages/shop/authorizationPage/info/index.js","62","pages/home/home","internal","True"
"管理端","pages/shop/authorizationPage/info/index.js","93","pages/shop/authorizationPage/phone/index","internal","True"
"管理端","pages/shop/authorizationPage/phone/index.js","117","pages/home/home","internal","True"
"管理端","pages/shop/authorizationPage/phone/index.js","119","pagesImp/shop/setting/store/store-setting","internal","True"
"管理端","pages/shop/shop.js","301","pageConfig/appointSetting/index","internal","True"
"管理端","pages/shop/shop.js","306","pageConfig/reminderSettings/index","internal","True"
"管理端","pages/shop/shop.js","311","pageConfig/membership/index","internal","True"
"管理端","pages/shop/shop.js","316","pageConfig/embershipAgreement/index","internal","True"
"管理端","pages/shop/shop.js","321","pageConfig/paySetting/index","internal","True"
"管理端","pages/shop/shop.js","326","pageConfig/appointment/index","internal","True"
"管理端","pages/shop/shop.js","334","pageChain/instructions/index","internal","True"
"管理端","pages/shop/shop.js","340","pageChain/storesManagement/index","internal","True"
"管理端","pages/shop/shop.js","346","pageChain/card/home/home","internal","True"
"管理端","pages/shop/shop.js","352","pageChain/card/card-subject/index","internal","True"
"管理端","pages/shop/shop.js","358","pageChain/cardStatistics/index","internal","True"
"管理端","pages/shop/shop.js","364","pageChain/courseStatistics/index","internal","True"
"管理端","pages/shop/shop.js","370","pageChain/configStaff/index","internal","True"
"管理端","pages/shop/shop.js","378","pageConfig/memberConfigCourse/index","internal","True"
"管理端","pages/shop/shop.js","384","pageConfig/memberConfigShow/index","internal","True"
"管理端","pages/shop/shop.js","390","pageConfig/memberConfigKindReminder/index","internal","True"
"管理端","pages/shop/shop.js","396","pageConfig/displayHide/index","internal","True"
"管理端","pages/shop/shop.js","403","pageConfig/stopDoing/index","internal","True"
"管理端","pages/shop/shop.js","409","pageConfig/coachLeave/index","internal","True"
"管理端","pages/shop/shop.js","415","pageConfig/notificationManagement/index","internal","True"
"管理端","pages/shop/shop.js","421","pageConfig/shopReport/index","internal","True"
"管理端","pages/shop/shop.js","693","pageServer/index","internal","True"
"管理端","pages/shop/shop.js","698","pageServer/videoHelp/videoHelp","internal","True"
"管理端","pages/shop/shop.js","719","pageServer/order","internal","True"
"管理端","pages/shop/shop.js","733","pagesImp/shop/setting/store/store-setting","internal","True"
"管理端","pages/shop/shop.js","736","pages/shop/authorizationPage/info/index","internal","True"
"管理端","pages/shopOrder/index.js","84","pages/start/index","internal","True"
"管理端","pages/start/index.js","138","pagesCourse/leagueClassDetails/index","internal","True"
"管理端","pages/start/index.js","150","pagesCourse/personalTrainerDetails/index","internal","True"
"管理端","pages/start/index.js","172","pageServer/index","internal","True"
"管理端","pages/start/index.js","175","pages/home/home","internal","True"
"管理端","pagesCourse/components/select-member-card.js","129","pagesImp/card/card-subject/index","internal","True"
"管理端","pagesCourse/home/venue.js","160","pages/home/home","internal","True"
"管理端","pagesCourse/home/venue.js","173","pageChain/storesManagement/index","internal","True"
"管理端","pagesCourse/index/all-course.js","136","pagesCourse/index/management-schedule","internal","True"
"管理端","pagesCourse/index/components/course-management.js","209","pagesCourse/subject/subject-edit","internal","True"
"管理端","pagesCourse/index/components/course-management.js","350","pagesCourse/index/management-schedule","internal","True"
"管理端","pagesCourse/index/components/download-timetable.js","171","pagesCourse/index/kind-reminder","internal","True"
"管理端","pagesCourse/index/components/download-timetable.js","174","pagesCourse/index/course-title","internal","True"
"管理端","pagesCourse/index/components/download-timetable.js","177","pagesCourse/index/course-option","internal","True"
"管理端","pagesCourse/index/index.js","248","pagesCourse/index/all-course","internal","True"
"管理端","pagesCourse/index/management-schedule.js","197","pagesCourse/subject/subject-edit","internal","True"
"管理端","pagesCourse/leagueClassDetails/index.js","240","pageCourse/clusterCourse/share-index","external_mini_program","True"
"管理端","pagesCourse/leagueClassDetails/index.js","256","pageMember/details/index","internal","True"
"管理端","pagesCourse/leagueClassDetails/index.js","375","pages/course/course","internal","True"
"管理端","pagesCourse/personalTrainerDetails/index.js","441","pageCourse/coachCourse/share-index","external_mini_program","True"
"管理端","pagesCourse/personalTrainerDetails/index.js","457","pageMember/details/index","internal","True"
"管理端","pagesCourse/personalTrainerDetails/index.js","472","pagesImp/subject/subject-personal-edit","internal","True"
"管理端","pagesCourse/personalTrainerDetails/index.js","565","pages/course/course","internal","True"
"管理端","pageServer/index.js","120","pageServer/order","internal","True"
"管理端","pageServer/index.js","126","pages/shop/shop","internal","True"
"管理端","pageServer/order.js","161","pages/shopOrder/index","internal","True"
"管理端","pageServer/videoHelp/videoHelp.js","170","pages/start/index","internal","True"
"管理端","pagesImp/authorization/error/index.js","69","pages/home/home","internal","True"
"管理端","pagesImp/authorization/error/index.js","75","pagesImp/authorization/info/index","internal","True"
"管理端","pagesImp/authorization/info/index.js","68","pagesImp/authorization/phone/index","internal","True"
"管理端","pagesImp/authorization/phone/index.js","171","pagesImp/authorization/success/index","internal","True"
"管理端","pagesImp/authorization/phone/index.js","188","pagesImp/authorization/error/index","internal","True"
"管理端","pagesImp/authorization/success/index.js","114","pages/home/home","internal","True"
"管理端","pagesImp/card/home/home.js","271","pagesImp/card/home/del-card","internal","True"
"管理端","pagesImp/card/home/home.js","306","pagesImp/card/member-card/index-tp","internal","True"
"管理端","pagesImp/card/home/home.js","311","pagesImp/card/member-card/index","internal","True"
"管理端","pagesImp/shop/setting/personal/personal.js","103","uview-ui/components/u-avatar-cropper/u-avatar-cropper","internal","True"
"管理端","pagesImp/shop/setting/personal/personal.js","120","pages/login/login","internal","True"
"管理端","pagesImp/shop/setting/store/store-setting.js","306","uview-ui/components/u-avatar-cropper/u-avatar-cropper","internal","True"
"管理端","pagesImp/shop/staff/invited-share.js","90","pages/start/index","internal","True"
"管理端","pagesImp/shop/staff/invited-share.js","120","pages/home/home","internal","True"
"管理端","pagesImp/shop/staff/invited-share.js","163","pagesImp/authorization/info/index","internal","True"
"管理端","pagesImp/shop/staff/invited-share.js","172","pagesImp/shop/staff/invited-share","internal","True"
"管理端","pagesImp/shop/staff/staff-edit.js","183","uview-ui/components/u-avatar-cropper/u-avatar-cropper","internal","True"
"管理端","pagesImp/shop/staff/staff.js","153","pagesImp/shop/staff/invited-share","internal","True"
"管理端","pagesImp/shop/staff/staff.js","168","pagesImp/shop/staff/staff-edit","internal","True"
"管理端","pagesImp/subject/subject-edit.js","171","pagesImp/subject/suject-choice-card","internal","True"
"管理端","pagesImp/subject/subject-personal-edit.js","224","pagesImp/subject/suject-choice-card","internal","True"
"管理端","pagesImp/subject/subject.js","105","pagesImp/subject/subject-edit","internal","True"
"管理端","pagesImp/subject/subject.js","106","pagesImp/subject/subject-personal-edit","internal","True"
