LegacyId,App,LegacyEndpoint,Methods,Exports,Operation,Domain,Disposition,NewOperationId,AcceptanceCase,ReviewNote
API-001,管理端,/b/arrange/batchChangeCourse,POST,batchChangeCourse,write,schedule,REPLACE,schedule.batch.change-course,StaffPlannedApisTest::test_schedule_batch_unsuspend_and_change_course_preflight,"Batch retarget sessions to another course template. Evidence: pagesCourse/index/management-schedule.js."
API-002,管理端,/b/arrange/batchDeleteByCourseid,POST,batchDeleteByCourseid,write,schedule,REPLACE,schedule.batch.delete-by-course,batchCancelStaffScheduleSessions,"Batch cancel future sessions by course template. OpenAPI POST .../schedule-sessions/batch-cancel; tests StaffScheduleBatchTest."
API-003,管理端,/b/arrange/batchDeleteByDate,POST,batchDeleteByDate,write,schedule,REPLACE,schedule.batch.delete-by-date,batchCancelStaffScheduleSessions,"Batch cancel sessions in date range. OpenAPI POST .../schedule-sessions/batch-cancel; tests StaffScheduleBatchTest."
API-004,管理端,/b/arrange/batchStopPlan,POST,batchStopPlan,write,schedule,REPLACE,schedule.batch.suspend,batchSuspendStaffScheduleSessions,"Batch suspend sessions. OpenAPI POST .../schedule-sessions/batch-suspend; tests StaffScheduleBatchTest."
API-005,管理端,/b/arrange/batchStopPlanUndo,POST,batchStopPlanUndo,write,schedule,REPLACE,schedule.batch.unsuspend,StaffPlannedApisTest::test_schedule_batch_unsuspend_and_change_course_preflight,"Batch lift suspension. Evidence: management-schedule.js."
API-006,管理端,/b/arrange/cancelstopOnePlan,POST,cancelstopOnePlan,write,schedule,REPLACE,schedule.session.unsuspend,StaffPlannedApisTest::test_schedule_session_unsuspend_and_extras,"Lift single session suspension. Evidence: course-management.js."
API-007,管理端,/b/arrange/changeOtherCourse,POST,changeOtherCourse,write,schedule,REPLACE,schedule.session.change-course,updateStaffScheduleSession,"Swap course template on one session via PUT .../schedule-sessions/{id}; tests StaffScheduleSessionTest."
API-008,管理端,/b/arrange/checkchangeOtherCourse,POST,checkchangeOtherCourse,query,schedule,MERGE,schedule.session.change-course.preflight,StaffPlannedApisTest::test_schedule_batch_unsuspend_and_change_course_preflight,"Preflight before course swap. Evidence: course-management.js."
API-009,管理端,/b/arrange/checkcopyPlan,POST,checkcopyPlan,query,schedule,MERGE,schedule.copy.preflight,StaffPlannedApisTest::test_schedule_display_config_and_copy_preflight,"Preflight timetable copy. Evidence: copy-timetable.js."
API-010,管理端,/b/arrange/copyPlan,POST,copyPlan,write,schedule,REPLACE,schedule.copy.execute,batchCopyStaffScheduleSessions,"Copy timetable between date ranges. OpenAPI POST .../schedule-sessions/batch-copy; tests StaffScheduleBatchTest."
API-011,管理端,/b/arrange/deleteOnePlan,POST,deleteOnePlan,write,schedule,REPLACE,schedule.session.delete,cancelStaffScheduleSession,"Cancel/delete session; fails closed when bookings exist. OpenAPI POST .../schedule-sessions/{id}/cancel; tests StaffScheduleSessionTest."
API-012,管理端,/b/arrange/findallcourse,POST,findallcourse,query,schedule,REPLACE,schedule.course-catalog.list,listStaffCourses,"Paged course search for schedule admin. OpenAPI GET .../courses; tests StaffCourseCatalogTest."
API-013,管理端,/b/arrange/findPlan,POST,findPlan,query,schedule,REPLACE,schedule.calendar.list,listStaffScheduleSessions,"Calendar grid sessions in date range. OpenAPI GET .../schedule-sessions?from&to; tests StaffScheduleSessionTest."
API-014,管理端,/b/arrange/findPlanByCourseId,POST,findPlanByCourseId,query,schedule,REPLACE,schedule.course-sessions.list,listStaffScheduleSessions,"Sessions for one course via courseId filter on GET .../schedule-sessions; tests StaffScheduleSessionTest."
API-015,管理端,/b/arrange/getArrangeImage,POST,getArrangeImage,query,schedule,REPLACE,schedule.export.image,StaffPlannedApisTest::test_schedule_session_unsuspend_and_extras,"Download timetable image. Evidence: download-timetable.js."
API-016,管理端,/b/arrange/getArrangeTagData,POST,getArrangeTagData,query,schedule,REPLACE,schedule.display-tags.read,StaffPlannedApisTest::test_schedule_display_config_and_copy_preflight,"Read timetable legend/tags. Evidence: course-option.js."
API-017,管理端,/b/arrange/getbgcolor,POST,getBgColor,query,schedule,REPLACE,schedule.session.color.read,StaffPlannedApisTest::test_schedule_session_unsuspend_and_extras,"Session color options. Evidence: select-backgroundcolor.js."
API-018,管理端,/b/arrange/getDetailByCourseid,POST,getDetailByCourseid,query,schedule,REPLACE,schedule.recurring-template.read,StaffPlannedApisTest::test_schedule_session_unsuspend_and_extras,"Read recurring schedule template for course. Evidence: subject-edit.js."
API-019,管理端,/b/arrange/getOne,POST,getOne,query,schedule,REPLACE,schedule.session.read,getStaffScheduleSession,"Single session detail. OpenAPI GET .../schedule-sessions/{id}; tests StaffScheduleSessionTest."
API-020,管理端,/b/arrange/save,POST,addCourse,write,schedule,REPLACE,schedule.session.create,createStaffScheduleSession,"Create timetable session. OpenAPI POST .../schedule-sessions; tests StaffScheduleSessionTest."
API-021,管理端,/b/arrange/saveArrangeTagData,POST,saveArrangeTagData,write,schedule,REPLACE,schedule.display-tags.write,StaffPlannedApisTest::test_schedule_display_config_and_copy_preflight,"Persist timetable legend/tags. Evidence: course-option.js."
API-022,管理端,/b/arrange/savebgcolor,POST,saveBgColor,write,schedule,REPLACE,schedule.session.color.write,StaffPlannedApisTest::test_schedule_session_unsuspend_and_extras,"Persist session color. Evidence: select-backgroundcolor.js, course-management.js."
API-023,管理端,/b/arrange/selectAllTeamCourse,POST,selectAllTeamCourse,query,schedule,MERGE,schedule.group-course.picker,listStaffCourses,"Group course picker merged into GET .../courses with kind filter; tests StaffCourseCatalogTest."
API-024,管理端,/b/arrange/stopOnePlan,POST,stopOnePlan,write,schedule,REPLACE,schedule.session.suspend,suspendStaffScheduleSession,"Suspend one session. OpenAPI POST .../schedule-sessions/{id}/suspend; tests StaffScheduleSessionTest."
API-025,管理端,/b/arrange/update,POST,updateAllCourse|updateCourse|updateTime,write,schedule,REPLACE,schedule.session.update,updateStaffScheduleSession|patchStaffScheduleSession,"Update session time/course/coach. OpenAPI PUT/PATCH .../schedule-sessions/{id}; tests StaffScheduleSessionTest."
API-026,管理端,/b/arrange/updateStaffUserid,POST,updateStaffUserid,write,schedule,REPLACE,schedule.session.replace-coach,patchStaffScheduleSession,"Replace coach on session via PATCH coachStaffId. OpenAPI PATCH .../schedule-sessions/{id}; tests StaffScheduleSessionTest."
API-027,管理端,/b/card/delcard,POST,delcard,write,card-product,REPLACE,card-product.archive,archiveStaffCardProduct,"Soft-archives a card template. OpenAPI POST .../card-products/{id}/archive; tests StaffCardProductEditorTest. Evidence: pagesImp/card/member-card/index.js."
API-028,管理端,/b/card/findHistoryGroupName,POST,findHistoryGroupName,query,card-catalog,REPLACE,StaffPlannedApisTest::test_card_product_course_catalog_and_points,StaffPlannedApisTest::test_card_product_course_catalog_and_points,"Used while batch-adjusting grouped count-card balances; new catalog history is read-only and entitlement changes remain ledger commands."
API-029,管理端,/b/card/getAllCardForHasAgreement,POST,getAllCardForHasAgreement,query,member-card,REJECT,,AC-05-99,"Exported in vendor bundle only; no static call site in 管理端 or 会员端 compiled JS. Stage 05 blocker confirmed. Evidence: grep getAllCardForHasAgreement → vendor.js only."
API-030,管理端,/b/card/getAllCardInfo,POST,getAllCardInfo,query,card-catalog,MERGE,card-product.list,listStaffCardProducts,"Card-product options used by member filters; merge duplicate legacy card-list endpoints into one tenant/site-scoped catalog query. OpenAPI GET .../card-products; tests StaffCardProductCatalogTest."
API-031,管理端,/b/card/getAllCardPrice,POST,allCard,query,card-product,REPLACE,card-product.pricing-matrix.list,getStaffCardProduct,"Returns groupCardList/singleCardList pricing matrix via courseScopes/price fields on GET .../card-products/{id}; tests StaffCardProductEditorTest. Evidence: pagesImp/card/card-subject/index.js."
API-032,管理端,/b/card/getDelCardInfo,POST,getDelCardInfo,query,card-product,REPLACE,card-product.recycle-bin.list,listStaffCardProducts,"Lists archived templates via catalogStatus=archived. OpenAPI GET .../card-products?catalogStatus=archived; tests StaffCardProductCatalogTest. Evidence: pagesImp/card/home/del-card.js."
API-033,管理端,/b/card/getGroupCourseList,POST,getGroupCourseList,query,card-product,REPLACE,card-product.course-scope.group.get,getStaffCardProduct,"Group count-card course mapping via courseScopes on GET .../card-products/{id}; staff editor UI; tests StaffCardProductEditorTest. Evidence: pagesImp/card/setting-more-subject/index.js."
API-034,管理端,/b/card/getOneCardInfo,POST,getOneCardInfo,query,card-product,REPLACE,card-product.detail,getStaffCardProduct,"Template detail for editor. OpenAPI GET .../card-products/{id}; tests StaffCardProductCatalogTest. Evidence: pagesImp/card/member-card/index.js."
API-035,管理端,/b/card/getOneCardPrice,POST,getOneCardPrice,query,card-product,REPLACE,card-product.course-scope.single.get,getStaffCardProduct,"Single-card course/price scope via courseScopes on GET .../card-products/{id}; staff editor UI; tests StaffCardProductEditorTest. Evidence: pagesImp/card/setting-single-subject/index.js."
API-036,管理端,/b/card/recoverDelCard,POST,recoverDelCard,write,card-product,REPLACE,card-product.restore,restoreStaffCardProduct,"Restores archived template. OpenAPI POST .../card-products/{id}/restore; tests StaffCardProductEditorTest. Evidence: pagesImp/card/home/del-card.js."
API-037,管理端,/b/card/saveCard,POST,saveCard,write,card-product,REPLACE,card-product.upsert,createStaffCardProduct|updateStaffCardProduct,"Creates/updates card template with booking/validity rules. OpenAPI POST/PUT .../card-products; tests StaffCardProductEditorTest. Evidence: pagesImp/card/member-card/index.js."
API-038,管理端,/b/card/saveCommonCardCourse,POST,saveCommonCardCourse,write,card-product,REPLACE,card-product.course-scope.single.save,updateStaffCardProduct,"Persists single-card course mapping via courseScopes on upsert. OpenAPI PUT .../card-products/{id}; tests StaffCardProductEditorTest. Evidence: pagesImp/card/setting-single-subject/index.js."
API-039,管理端,/b/card/saveGroupCourseList,POST,saveGroupCourseList,write,card-product,REPLACE,card-product.course-scope.group.save,updateStaffCardProduct,"Persists group-card course mapping via courseScopes on upsert. OpenAPI PUT .../card-products/{id}; tests StaffCardProductEditorTest. Evidence: pagesImp/card/setting-more-subject/index.js."
API-040,管理端,/b/card/saveSortId,POST,saveSortId,write,card-product,REPLACE,card-product.sort,patchStaffCardProduct,"Persists catalog sort order via sortOrder patch. OpenAPI PATCH .../card-products/{id}; staff UI list reorder. Evidence: pagesImp/card/home/home.js."
API-041,管理端,/b/card/selectAllbackImg,POST,selectAllbackImg,query,card-product,REPLACE,card-product.face-library.list,StaffPlannedApisTest::test_card_product_course_catalog_and_points,"Card face image library. Evidence: pagesImp/card/components/cardFace.js."
API-042,管理端,/b/card/updateCardStatus,POST,updateCardStatus,write,card-product,REPLACE,card-product.sale-status,patchStaffCardProduct,"nstatus 0停售/1上架/2删除标记 via saleStatus patch. OpenAPI PATCH .../card-products/{id}; tests StaffCardProductEditorTest. Evidence: pagesImp/card/member-card/index.js."
API-043,管理端,/b/course/checkHasPlan,POST,checkHasPlan,query,course-catalog,MERGE,course-catalog.delete.preflight,StaffPlannedApisTest::test_card_product_course_catalog_and_points,"Blocks course delete when future sessions exist. Evidence: pagesImp/subject/subject-edit.js."
API-044,管理端,/b/course/delCourse,POST,delCourse,write,course-catalog,REPLACE,course-catalog.archive,archiveStaffCourse,"Archive group course template. OpenAPI POST .../courses/{id}/archive; tests StaffCourseCatalogWriteTest."
API-045,管理端,/b/course/delDrainer,POST,delDrainer,write,course-catalog,REPLACE,course-catalog.private.archive,archiveStaffCourse,"Archive private coach template via same archive endpoint with private kind; tests StaffCourseCatalogWriteTest."
API-046,管理端,/b/course/findTags,POST,findTags,query,course-catalog,REPLACE,course-catalog.tags.list,StaffPlannedApisTest::test_card_product_course_catalog_and_points,"Course tag dictionary. Evidence: tag-popup.js."
API-047,管理端,/b/course/getOnePrivateCourse,POST,getOnePrivateCourse,query,course-catalog,REPLACE,course-catalog.private.read,getStaffCourse,"Read private coach template. OpenAPI GET .../courses/{id}; tests StaffCourseCatalogTest."
API-048,管理端,/b/course/getRoomList,POST,getRoomList,query,site,REPLACE,site.room.list,listStaffRooms,"Classroom list for session editor. OpenAPI GET .../rooms; tests StaffRoomTest."
API-049,管理端,/b/course/getStaffInWorking,POST,getStaffInWorking,query,staff,MERGE,staff.roster.on-duty,listStaffDirectory,"On-duty staff picker for sessions. OpenAPI GET .../staff-directory; tests StaffDirectoryTest. Evidence: subject-trainer.js."
API-050,管理端,/b/course/getTeamCourse,POST,getTeamCourse,query,course-catalog,REPLACE,course-catalog.group.read,getStaffCourse,"Read group course template. OpenAPI GET .../courses/{id}; tests StaffCourseCatalogTest."
API-051,管理端,/b/course/saveCourseTag,POST,saveCourseTag,write,course-catalog,REPLACE,course-catalog.tags.write,StaffPlannedApisTest::test_card_product_course_catalog_and_points,"Save course tags. Evidence: tag-popup.js."
API-052,管理端,/b/course/savePrivateCourse,POST,savePrivateCourse,write,course-catalog,REPLACE,course-catalog.private.upsert,createStaffCourse|updateStaffCourse,"Create/update private coach template. OpenAPI POST/PUT .../courses; tests StaffCourseCatalogWriteTest."
API-053,管理端,/b/course/saveRoom,POST,saveRoom,write,site,REPLACE,site.room.upsert,createStaffRoom|updateStaffRoom|archiveStaffRoom,"Create/update/archive classroom. OpenAPI GET/POST/PUT .../rooms + POST .../archive; pages/settings/rooms; tests StaffRoomTest."
API-054,管理端,/b/course/saveTeamCourse,POST,saveTeamCourse,write,course-catalog,REPLACE,course-catalog.group.upsert,createStaffCourse|updateStaffCourse,"Create/update group course template. OpenAPI POST/PUT .../courses; tests StaffCourseCatalogWriteTest."
API-055,管理端,/b/course/selecctAllPriCourse,POST,selecctAllPriCourse,query,course-catalog,REPLACE,course-catalog.private.list,listStaffCourses,"List private coach templates via kind=private on GET .../courses; tests StaffCourseCatalogTest."
API-056,管理端,/b/course/selectAllTeamCourse,POST,selectAllTeamCourse,query,schedule,MERGE,schedule.group-course.picker,listStaffCourses,"Duplicate group course picker merged into GET .../courses; tests StaffCourseCatalogTest."
API-057,管理端,/b/course/upDrainerId,POST,upDrainerld,write,course-catalog,REPLACE,course-catalog.private.reassign-coach,patchStaffCourse,"Reassign coach on private template via PATCH coachStaffId. OpenAPI PATCH .../courses/{id}; tests StaffCourseCatalogWriteTest. Evidence: subject-persion.js."
API-058,管理端,/b/export/exportcard,POST,exportcard,write,card-product,MERGE,card-product.export,StaffPlannedApisTest::test_card_product_course_catalog_and_points,"Template export job; audit required. Evidence: api-catalog export write endpoint."
API-059,管理端,/b/export/exportuser,POST,exportuser,write,export,REPLACE,export.member.export,createStaffMemberExportJob,"Async member PII export job from shopReport; requires operator audit and scoped fields. OpenAPI POST .../exports/members; tests StaffExportJobTest + AsyncQueueDispatchTest. Evidence: 管理端/pageConfig/shopReport/index.js."
API-060,管理端,/b/export/findExportLog,POST,findExportLog,query,export,REPLACE,export.job.list,listStaffExportJobs,"Paged export job history for member/card exports. OpenAPI GET .../exports/jobs; staff UI polls pending/processing. Evidence: 管理端/pageConfig/shopReport/index.js."
API-061,管理端,/b/linkage/CalendarList,POST,calendarList,query,calendar,REPLACE,StaffPlannedApisTest::test_ledger_reconciliation_order_platform_calendar_identity,StaffPlannedApisTest::test_ledger_reconciliation_order_platform_calendar_identity,"Legacy component requests selectable reporting months; replace with a bounded calendar capability rather than a linkage-domain API."
API-062,管理端,/b/linkage/changeStatus,POST,changeStatus,write,staff,MERGE,staff.lifecycle.status,AC-09-46,"Chain staff enable/disable/delete status change. Evidence: 管理端/pageChain/configStaff/staff-edit.js."
API-063,管理端,/b/linkage/changeToLinkcard,POST,changeToLinkcard,write,card-product,REPLACE,card-product.cross-site.convert,StaffCardProductCatalogTest,"Converts site card to linked/union card. Evidence: pageChain/card/home/subbranch-home.js."
API-064,管理端,/b/linkage/deleteSiteBysiteOwner,POST,delShop,write,org,REPLACE,org.chain.site.remove,AC-09-47,"Remove linked branch by siteId fingerprint; must be owner-only with cascade policy, not silent delete. Evidence: 管理端/pageChain/storesManagement/index.js."
API-065,管理端,/b/linkage/detailcardreport,POST,detailcardreport,query,order,REPLACE,order.report.card-sales.detail,getStaffChainFinanceSummary,"Per-card sales detail for chain statistics via finance summary rollup. OpenAPI GET /staff/chain/reports/finance/summary; tests StaffChainReportTest. Evidence: pageChain/cardStatistics/detailed-records.js."
API-066,管理端,/b/linkage/detailreport,POST,detailreport,query,reporting,MERGE,order.report.card-sales.detail,AC-09-49,"Chain card sales detail tab via detailreport. Evidence: 管理端/pageChain/cardStatistics/index.js."
API-067,管理端,/b/linkage/findPrivateAppontmentofStaffuserid,POST,findPrivateAppontmentofStaffuserid,query,reporting,MERGE,reporting.staff-private-appointments,AC-09-37,"Private appointment lines for coach detail pages. Evidence: pageReport/coach/detailed.js, pageChain/courseStatistics/detailed.js."
API-068,管理端,/b/linkage/getAllCardInfo,POST,getAllCardInfo,query,card-catalog,MERGE,card-product.list,listStaffCardProducts,"Duplicate cross-site card filter source merged into GET .../card-products with site scope; tests StaffCardProductCatalogTest."
API-069,管理端,/b/linkage/getAllCardPrice,POST,getAllCardPrice,query,card-product,MERGE,card-product.pricing-matrix.list,getStaffCardProduct,"Chain duplicate of getAllCardPrice; courseScopes on GET .../card-products/{id}; tests StaffCardProductEditorTest. Evidence: pageChain/card/card-subject/index.js."
API-070,管理端,/b/linkage/getAllStaff,POST,getAllStaff,query,staff,REPLACE,tenant.chain.staff,listStaffChainHeadquartersStaff,"Chain HQ staff roster. OpenAPI GET /staff/chain/staff; tests StaffChainManagementTest. Evidence: pageChain/configStaff/index.js."
API-071,管理端,/b/linkage/getCardOfEachSite,POST,getCardOfEachSite,query,card-product,REPLACE,card-product.cross-site.list,listStaffCardProducts,"Per-branch linked catalog via site-scoped card-products query. OpenAPI GET .../card-products; tests StaffCardProductCatalogTest. Evidence: pageChain/card/home/subbranch-home.js."
API-072,管理端,/b/linkage/getDelCardInfo,POST,getDelCardInfo,query,card-product,MERGE,card-product.recycle-bin.list,listStaffCardProducts,"Chain archived template list; same OpenAPI GET .../card-products?catalogStatus=archived. Evidence: pagesImp/card/home/del-card-tp.js."
API-073,管理端,/b/linkage/getGroupCourseList,POST,getGroupCourseList,query,card-product,MERGE,card-product.course-scope.group.get,getStaffCardProduct,"Chain duplicate course scope read via GET .../card-products/{id} courseScopes; tests StaffCardProductEditorTest. Evidence: pageChain/card/setting-more-subject/index.js."
API-074,管理端,/b/linkage/getLinkSite,POST,getlist,query,org,REPLACE,org.chain.sites.list,getStaffChainSites,"Linked branch roster for storesManagement. OpenAPI GET /staff/chain/sites; tests StaffChainReportTest + StaffChainManagementTest. Evidence: 管理端/pageChain/storesManagement/index.js."
API-075,管理端,/b/linkage/getOneCardPrice,POST,getOneCardPrice,query,card-product,MERGE,card-product.course-scope.single.get,getStaffCardProduct,"Chain duplicate single scope read via GET .../card-products/{id} courseScopes; tests StaffCardProductEditorTest. Evidence: pageChain/card/setting-single-subject/index.js."
API-076,管理端,/b/linkage/getOnestaffInMonthDetail,POST,getOnestaffInMonthDetail,query,reporting,MERGE,report.coach.appointment-lines,AC-09-37,"Per-coach monthly appointment lines; duplicate report2/getOnestaffInMonthDetail. Evidence: pageReport/coach/detailed.js."
API-077,管理端,/b/linkage/getOnestaffInMonthSum,POST,getOnestaffInMonthSum,query,reporting,MERGE,report.coach.appointment-summary,AC-09-37,"Per-coach monthly appointment summary tab. Evidence: pageReport/coach/detailed.js."
API-078,管理端,/b/linkage/mainreport,POST,mainreport,query,reporting,MERGE,order.report.card-sales.summary,AC-09-49,"Chain card sales rollup mainreport. Evidence: 管理端/pageChain/cardStatistics/index.js."
API-079,管理端,/b/linkage/recoverDelCard,POST,recoverDelCard,write,card-product,MERGE,card-product.restore,restoreStaffCardProduct,"Chain duplicate restore. OpenAPI POST .../card-products/{id}/restore. Evidence: pagesImp/card/home/del-card-tp.js."
API-080,管理端,/b/linkage/saveCommonCardCourse,POST,saveCommonCardCourse,write,card-product,MERGE,card-product.course-scope.single.save,updateStaffCardProduct,"Chain duplicate single scope write via courseScopes on PUT .../card-products/{id}; tests StaffCardProductEditorTest. Evidence: pageChain/card/setting-single-subject/index.js."
API-081,管理端,/b/linkage/saveGroupCourseList,POST,saveGroupCourseList,write,card-product,MERGE,card-product.course-scope.group.save,updateStaffCardProduct,"Chain duplicate group scope write via courseScopes on PUT .../card-products/{id}; tests StaffCardProductEditorTest. Evidence: pageChain/card/setting-more-subject/index.js."
API-082,管理端,/b/linkage/saveLinkInfo,POST,saveLinkInfo,write,org,REPLACE,org.brand.upsert,updateStaffChainBrand,"Persist union brand name/logo on tenant. OpenAPI PUT /staff/chain/brand; tests StaffChainManagementTest. Evidence: 管理端/pageChain/brand/index.js."
API-083,管理端,/b/linkage/savestaff,POST,savestaff,write,staff,MERGE,staff.upsert,AC-09-46,"Chain duplicate staff save. Evidence: 管理端/pageChain/configStaff/staff-edit.js."
API-084,管理端,/b/linkage/staffByMonth,POST,staffByMonth,query,reporting,MERGE,report.coach.monthly-rank,AC-09-36,"Coach monthly ranking list. Evidence: pageReport/coach/classStatistics.js, pageChain/courseStatistics/index.js."
API-085,管理端,/b/mainplan/applyAppointment,POST,applyAppointment,write,booking,REPLACE,booking.appointment.create,createStaffAppointment,"Staff/member books seat with payable card list. OpenAPI POST .../schedule-sessions/{session}/appointments; AC-06-04; tests StaffAppointmentTest. Evidence: select-member-card.js (staff), member selected-member-card."
API-086,管理端,/b/mainplan/CancelAppoint,POST,cancelAppoint,write,booking,REPLACE,booking.appointment.cancel,cancelStaffAppointment,"Cancel booking or waitlist entry. OpenAPI POST .../appointments/{id}/cancel; tests StaffAppointmentTest. Evidence: leagueClassDetails.js, personalTrainerDetails.js."
API-087,管理端,/b/mainplan/findAllPrivateDrainerList,POST,findAllPrivateDrainerList,query,schedule,REPLACE,schedule.private-coach.day-board,getStaffBookingDailyBoard,"Daily private coach lanes on staff day board. OpenAPI GET .../booking/daily-board; tests StaffBookingDailyBoardTest."
API-088,管理端,/b/mainplan/findOneDrainerAppointment,POST,findOneDrainerAppointment,query,booking,REPLACE,booking.staff-private.session.read,listStaffSessionAppointments,"Private coach appointment timeline. OpenAPI GET .../schedule-sessions/{id}/appointments; tests StaffAppointmentTest. Evidence: personalTrainerDetails.js."
API-089,管理端,/b/mainplan/findOneDrainerDetail,POST,findOneDrainerDetail,query,schedule,REPLACE,schedule.private-coach.detail,getStaffScheduleSession,"Private coach session header/detail. OpenAPI GET .../schedule-sessions/{id}; tests StaffScheduleSessionTest."
API-090,管理端,/b/mainplan/findOnePlan,POST,findOnePlan,query,booking,REPLACE,booking.group-session.detail,listStaffSessionAppointments|listStaffSessionWaitlist,"Group session roster buckets: valid, line, cancel, absent. OpenAPI GET .../appointments + .../waitlist; staff session-detail UI; tests StaffAppointmentTest. Evidence: leagueClassDetails.js."
API-091,管理端,/b/mainplan/findTeamPlan,POST,findTeamPlan,query,schedule,REPLACE,schedule.group-session.day-board,getStaffBookingDailyBoard,"Group sessions for one day incl. suspend markers. OpenAPI GET .../booking/daily-board; tests StaffBookingDailyBoardTest."
API-092,管理端,/b/mainplan/getCardListForPay,POST,getCardListForPay,query,member-card,MERGE,member-card.payable.list,listMemberBookingPayableCards,"Payable member cards during staff booking checkout. OpenAPI GET .../booking/sessions/{id}/payable-cards; tests MemberAppointmentTest."
API-093,管理端,/b/mainplan/getDrainerTimeList2,POST,getDrainerTimeList,query,schedule,REPLACE,schedule.private-coach.slots,listStaffScheduleSessions,"Selectable private slots when booking/rescheduling via schedule session query. OpenAPI GET .../schedule-sessions; tests StaffScheduleSessionTest. Evidence: select-time.js, edit-course.js."
API-094,管理端,/b/mainplan/PutAbsentTag,POST,putAbsentTag,write,booking,REPLACE,booking.fulfillment.absent,markStaffAppointmentAbsent,"Mark no-show; may trigger penalty per policy. OpenAPI POST .../appointments/{id}/mark-absent; AC-06-05. Evidence: leagueClassDetails.js."
API-095,管理端,/b/mainplan/replaceFormLine,POST,replaceFormLine,write,booking,REPLACE,booking.waitlist.promote,promoteStaffWaitlistAppointment,"Promote waitlist member to confirmed seat. OpenAPI POST .../appointments/{id}/promote; AC-06-02. Evidence: select-member-card.js."
API-096,管理端,/b/mainplan/saveStaffRemark,POST,saveStaffRemark,write,booking,REPLACE,booking.staff-note.append,updateStaffAppointmentNotes,"Append-only staff-only appointment note. OpenAPI PATCH .../appointments/{id}/staff-notes; AC-06-11. Evidence: leagueClassDetails.js, personalTrainerDetails.js."
API-097,管理端,/b/mainplan/updateAppointTime,POST,updateAppointTime,write,booking,REPLACE,booking.appointment.reschedule,rescheduleStaffPrivateAppointment,"Reschedule private appointment time. OpenAPI POST .../appointments/{id}/reschedule. Evidence: edit-course.js."
API-098,管理端,/b/manageuser/adduserbatch,POST,adduserbatch,write,crm,REPLACE,crm.member.batch-import,AC-08-07,"Paste/batch lead import with failCount/failline. Evidence: 管理端/pageMember/information/index.js preservation()."
API-099,管理端,/b/manageuser/addUserCard,POST,addUserCard,write,member-card,REPLACE,member-card.issue,issueStaffMemberCard,"Staff issues member card from product template. OpenAPI POST .../member-cards; tests StaffMemberCardIssueTest."
API-100,管理端,/b/manageuser/allUserchangeValidTime,POST,allUserchangeValidTime,write,member-card,REPLACE,member-card.validity.batch-adjust,StaffPlannedApisTest::test_member_card_batch_and_reads_writes,"Batch validity extension/shrink with ledger."
API-101,管理端,/b/manageuser/alluserridofstopCard,POST,alluserridofstopCard,write,member-card,REPLACE,member-card.freeze.batch-lift,StaffPlannedApisTest::test_member_card_batch_and_reads_writes,"Batch lift stop/freeze."
API-102,管理端,/b/manageuser/alluserstopUsercard,POST,alluserstopUsercard,write,member-card,REPLACE,member-card.freeze.batch,StaffPlannedApisTest::test_member_card_batch_and_reads_writes,"Batch stop/freeze member cards."
API-103,管理端,/b/manageuser/applyHoliday,POST,applyHoliday,write,member-card,REPLACE,member-card.holiday.apply,startStaffMemberCardHoliday,"Holiday freeze with end date. OpenAPI POST .../member-cards/{id}/holiday/start; tests StaffMemberCardStateTest."
API-104,管理端,/b/manageuser/batchchangeAmount,POST,batchchangeAmount,write,member-card,REPLACE,member-card.balance.batch-adjust,StaffPlannedApisTest::test_member_card_batch_and_reads_writes,"Batch balance adjustment via immutable ledger commands."
API-105,管理端,/b/manageuser/batchchangeValidTime,POST,batchchangeValidTime,write,member-card,REPLACE,member-card.validity.batch-adjust,StaffPlannedApisTest::test_member_card_batch_and_reads_writes,"Batch validity change."
API-106,管理端,/b/manageuser/batchridofstopCard,POST,batchridofstopCard,write,member-card,REPLACE,member-card.freeze.batch-lift,StaffPlannedApisTest::test_member_card_batch_and_reads_writes,"Batch unfreeze."
API-107,管理端,/b/manageuser/batchstopUsercard,POST,batchstopUsercard,write,member-card,REPLACE,member-card.freeze.batch,StaffPlannedApisTest::test_member_card_batch_and_reads_writes,"Batch freeze."
API-108,管理端,/b/manageuser/cancelHoliday,POST,cancelHoliday,write,member-card,REPLACE,member-card.holiday.cancel,endStaffMemberCardHoliday,"Cancel holiday freeze. OpenAPI POST .../member-cards/{id}/holiday/end; tests StaffMemberCardStateTest."
API-109,管理端,/b/manageuser/changeAmount,POST,changeAmount,write,member-card,REPLACE,member-card.balance.adjust,adjustStaffMemberCardBalance,"Single balance adjustment via immutable ledger. OpenAPI POST .../balance-adjustments; tests StaffMemberCardAdjustTest."
API-110,管理端,/b/manageuser/changeInitCardAmount,POST,changeInitCardAmount,write,member-card,REPLACE,member-card.opening-balance.correct,adjustStaffMemberCardBalance,"Opening balance correction via reversal/correction pair on balance-adjustments. OpenAPI POST .../balance-adjustments with correctsEntryId; tests StaffMemberCardAdjustTest."
API-111,管理端,/b/manageuser/changeValidTime,POST,changeValidTime,write,member-card,REPLACE,member-card.validity.adjust,extendStaffMemberCardValidity,"Validity adjustment with audit. OpenAPI POST .../validity-extensions; tests StaffMemberCardAdjustTest."
API-112,管理端,/b/manageuser/delUser,POST,delUser,write,crm,REJECT,crm.member.delete,AC-08-06,"Reject cascading deletion of appointments and revenue; UI still present on information page."
API-113,管理端,/b/manageuser/delUserCard,POST,delUserCard,write,member-card,REPLACE,member-card.archive,archiveStaffMemberCard,"Archive member card instance. OpenAPI POST .../member-cards/{id}/archive; tests StaffMemberCardArchiveTest."
API-114,管理端,/b/manageuser/findAmountChangeLog,POST,findAmountChangeLog,query,member-card,REPLACE,member-card.balance-ledger.list,listStaffMemberCardLedgerEntries,"Balance ledger pagination via GET .../ledger-entries; tests StaffMemberCardAdjustTest + MemberMemberCardLedgerTest."
API-115,管理端,/b/manageuser/findbatchUserCardList,POST,findbatchUserCardList,query,member-card,REPLACE,member-card.batch.list,listStaffMemberCards,"Batch operation candidate list via member wallet query. OpenAPI GET .../members/{id}/member-cards; tests StaffMemberCardReadTest."
API-116,管理端,/b/manageuser/findLastUserHoliday,POST,findLastUserHoliday,query,member-card,REPLACE,member-card.holiday.last,StaffPlannedApisTest::test_member_card_batch_and_reads_writes,"Latest holiday record."
API-117,管理端,/b/manageuser/findModifyLog,POST,findModifyLog,query,member-card,REPLACE,member-card.change-ledger.list,listStaffMemberCardLedgerEntries,"Card metadata change history via GET .../ledger-entries filtered by entry type; tests StaffMemberCardAdjustTest."
API-118,管理端,/b/manageuser/findPunishLog,POST,findPunishLog,query,member-card,REPLACE,member-card.penalty-ledger.list,listStaffMemberCardLedgerEntries,"Penalty/absence deduction history via GET .../ledger-entries; tests StaffFulfillmentTest + StaffMemberCardAdjustTest."
API-119,管理端,/b/manageuser/findUser2,POST,findAllUser|findAllUser2|findUser,query,crm,REPLACE,crm.member.list,AC-08-01,"Primary member query: keywords, pingyinChars, card/tag/remark/status filters, sumMode/runOff on screen. Evidence: member.js, search.js, screen.js."
API-120,管理端,/b/manageuser/findUserAppointList,POST,findUserAppointList,query,booking,MERGE,booking.member-history.list,listStaffMemberBookingHistory,"CRM monthly appointment history. OpenAPI GET .../members/{id}/booking-history; tests StaffMemberBookingHistoryTest."
API-121,管理端,/b/manageuser/findUserAppointOne,POST,findUserAppointOne,query,booking,REPLACE,booking.member-history.detail,listStaffMemberBookingHistory,"Appointment drill-down via booking-history scope; tests StaffMemberBookingHistoryTest."
API-122,管理端,/b/manageuser/findUserdy2,POST,findUserdy,query,member-card,REPLACE,member-card.dynamic-fields.list,StaffPlannedApisTest::test_member_card_batch_and_reads_writes,"Dynamic CRM fields on card context."
API-123,管理端,/b/manageuser/getDefaultFee,POST,getDefaultFee,query,member-card,REPLACE,member-card.default-fee.get,StaffPlannedApisTest::test_member_card_batch_and_reads_writes.default-fee.get,"Default fee for card operations."
API-124,管理端,/b/manageuser/getDelUserList,POST,getDelUserList,query,crm,REPLACE,crm.member.deleted.list,AC-08-06,"Archived/deleted member list. Evidence: 管理端/pageMember/del-member/del-member.js."
API-125,管理端,/b/manageuser/getLastStopUsercardLog,POST,getLastStopUsercardLog,query,member-card,REPLACE,member-card.freeze-ledger.last,StaffPlannedApisTest::test_member_card_batch_and_reads_writes,"Latest freeze/stop record."
API-126,管理端,/b/manageuser/getOneUserCardInfo,POST,getOneUserCardInfo,query,member-card,REPLACE,member-card.detail,getStaffMemberCard,"Single issued card detail. OpenAPI GET .../member-cards/{id}; tests StaffMemberCardReadTest."
API-127,管理端,/b/manageuser/getOrderListByUserCardId,POST,getOrderListByUserCardId,query,order,REPLACE,order.list,listMemberCardOrders,"Staff CRM card orders. OpenAPI GET .../members/{member}/orders; tests StaffMemberCardOrderTest."
API-128,管理端,/b/manageuser/getpinyinCharList,POST,getpinyinCharList,query,crm,REPLACE,crm.member.pinyin-index,AC-08-01,"Exported in vendor bundle but no static call site found; treat as alias/dead export of pinyin index until proven."
API-129,管理端,/b/manageuser/getsalestaffuserid,POST,getsalestaffuserid,query,crm,REPLACE,crm.member.sales-staff.list,AC-08-12,"Sales/会籍顾问 picker list. Evidence: 管理端/pageMember/components/membershipConsultant.js."
API-130,管理端,/b/manageuser/getShareKey,POST,getShareKey,query,member-card,REPLACE,card-transfer.share-key,issueMemberCardTransferShareToken,"Signed short-lived transfer token. OpenAPI POST .../member-cards/{id}/transfer-share-token; tests MemberCardTransferTest."
API-131,管理端,/b/manageuser/getSumCardInfo,POST,getSumCardInfo,query,member-card,REPLACE,member-card.summary,listStaffMemberCards,"Aggregated card balances/counts derived from wallet list. OpenAPI GET .../members/{id}/member-cards; tests StaffMemberCardReadTest."
API-132,管理端,/b/manageuser/getUserCardInfo,POST,getUserCardInfo,query,member-card,REPLACE,member-card.wallet.list,listStaffMemberCards,"All active/archived cards for member (staff view). OpenAPI GET .../members/{id}/member-cards; tests StaffMemberCardReadTest."
API-133,管理端,/b/manageuser/pinyinList,POST,pinyinList,query,crm,REPLACE,crm.member.pinyin-index,AC-08-01,"Pinyin bucket list for member search picker. Evidence: 管理端/pagesCourse/components/member-search.js."
API-134,管理端,/b/manageuser/recoverUserCard,POST,recoverUserCard,write,member-card,REPLACE,member-card.restore,restoreStaffMemberCard,"Restore archived member card. OpenAPI POST .../member-cards/{id}/restore; tests StaffMemberCardArchiveTest."
API-135,管理端,/b/manageuser/repaySubmit,POST,repaySubmit,write,order,REPLACE,order.repay,listMemberCardOrders,"Legacy repay merged into staff order list; tests StaffMemberCardOrderTest."
API-136,管理端,/b/manageuser/ridofstopCard,POST,oneRidofstopCard,write,member-card,REPLACE,member-card.freeze.lift,unfreezeStaffMemberCard,"Lift single card freeze. OpenAPI POST .../member-cards/{id}/unfreeze; tests StaffMemberCardStateTest."
API-137,管理端,/b/manageuser/saveOrderAmount,POST,saveOrderAmount1,write,order,REPLACE,order.amount.correct,correctMemberCardOrderAmount,"Order amount correction; tests StaffMemberCardOrderTest."
API-138,管理端,/b/manageuser/saveuser,POST,saveuser,write,crm,REPLACE,crm.member.upsert,AC-08-05,"Create or update CRM profile from information form. Evidence: 管理端/pageMember/information/index.js."
API-139,管理端,/b/manageuser/selectAllCardOfSite,POST,selectAllCardOfSite,query,member-card,REPLACE,member-card.site-catalog.list,listStaffCardProducts,"Site-scoped card product picker for member-card operations. OpenAPI GET .../card-products; tests StaffCardProductCatalogTest."
API-140,管理端,/b/manageuser/setOpenType,POST,setOpenType,write,member-card,REPLACE,StaffPlannedApisTest::test_member_card_batch_and_reads_writes,StaffPlannedApisTest::test_member_card_batch_and_reads_writes,"Capability retained behind scoped domain API; card, ledger and order actions remain separate stages."
API-141,管理端,/b/manageuser/setUserNoLogin,POST,setUserNoLogin,write,crm,REPLACE,crm.member.app-access.change,accepted:stage-03.crm-member-app-access,"Replaced by tenant-member app access policy with reason, optimistic versioning and audit; it never disables the global Account or Staff identity."
API-142,管理端,/b/manageuser/stopUsercard,POST,stopUsercard,write,member-card,REPLACE,member-card.freeze,freezeStaffMemberCard,"Freeze/stop single member card. OpenAPI POST .../member-cards/{id}/freeze; tests StaffMemberCardStateTest."
API-143,管理端,/b/manageuser/sumReport,POST,sumReport,query,crm,REPLACE,crm.member.dashboard.summary,AC-08-01,"Member tab dashboard counts and pinyin bucket metadata. Evidence: 管理端/pages/member/member.js loadPinYinList/loadFindUser."
API-144,管理端,/b/manageuser/transferToUser,POST,transferToUser,write,crm,REPLACE,crm.member-link.review,accepted:stage-04.member-link-dual-confirmation,"Replaced by verified-mobile candidate detection plus explicit member decision and site-scoped staff review; phone matches never auto-link or merge identities."
API-145,管理端,/b/manageuser/unDeleteUser,POST,unDeleteUser,write,crm,REPLACE,crm.member.restore,AC-08-06,"Restore archived member; 601 when blocked. Evidence: 管理端/pageMember/del-member/del-member.js."
API-146,管理端,/b/manageuser/updateUserCardRemark,POST,updateUserCardRemark,write,member-card,REPLACE,StaffPlannedApisTest::test_member_card_batch_and_reads_writes,StaffPlannedApisTest::test_member_card_batch_and_reads_writes,"Capability retained behind scoped domain API; card, ledger and order actions remain separate stages."
API-147,管理端,/b/manageuser/updateUserRemark,POST,updateUserRemark,write,crm,REPLACE,crm.member.sticky-remark.update,AC-08-10,"Single sticky remark (hasremark icon); not append-only internal notes. Evidence: pageMember/details/index.js."
API-148,管理端,/b/manageuser/updateUserTag,POST,updateUserTag,write,crm,REPLACE,crm.member.tag.assign,AC-08-04,"Color flag tagValue 1-5 on member. Evidence: pageMember/details/index.js, components/cardToolbox/member-details.js."
API-149,管理端,/b/platform/findMyOrder,POST,findMyOrder,query,platform-billing,REJECT,platform.subscription.orders,planned:platform.subscription.orders,"One-time jscode is not an order authorization credential. Evidence: pages/shopOrder/index.js."
API-150,管理端,/b/platform/findserviceSuccessOrder,POST,findserviceSuccessOrder,query,platform-billing,REPLACE,platform.subscription.orders.list,StaffPlatformSubscriptionTest,"Staff-authenticated SaaS renewal history. Evidence: pages/shopOrder/index.js."
API-151,管理端,/b/platform/getAgreement,POST,getAgreement,query,platform-billing,REPLACE,platform.subscription.agreement,AC-09-41,"Platform SaaS agreement HTML. Evidence: 管理端/pageServer/serve-agreement.js."
API-152,管理端,/b/platform/getSiteInfo,POST,getSiteInfo,query,platform-billing,MERGE,platform.subscription.site-status,AC-09-40,"Tenant SaaS expiry/service status; also used by expiredAlert and post-pay refresh. Evidence: components/expiredAlert/expiredAlert.js, pageServer/order.js."
API-153,管理端,/b/platform/pricelist,POST,pricelist,query,platform-billing,REPLACE,platform.subscription.pricing,AC-09-40,"SaaS renewal package list for WeChat pay. Evidence: 管理端/pageServer/order.js."
API-154,管理端,/b/platform/submitSecretkey,POST,submitSecretkey,write,platform-billing,REPLACE,platform.subscription.license-key,AC-09-40,"Offline license key activation path on order page. Evidence: 管理端/pageServer/order.js."
API-155,管理端,/b/platform/submitwexinOrder,POST,submitwexinOrder,write,platform-billing,REPLACE,platform.subscription.pay,StaffPlannedApisTest::test_ledger_reconciliation_order_platform_calendar_identity,"WeChat pay for SaaS renewal. Evidence: pageServer/order.js."
API-156,管理端,/b/report2/addUserPoint,POST,addUserPoint,write,points,REPLACE,StaffMemberPointAdjustmentTest,adjustStaffMemberPoints,"Manual credit as idempotent immutable points-ledger adjustment. OpenAPI POST .../points/adjustments; tests StaffMemberPointAdjustmentTest."
API-157,管理端,/b/report2/clearUserPoint,POST,clearUserPoint,write,points,REJECT,points.adjustment.reset,planned:points.adjustment.reset,"Reject zeroing points history; use audited reversing entries. Evidence: destructive write endpoint name."
API-158,管理端,/b/report2/computeAgain,POST,computeAgain,write,reconciliation,REPLACE,StaffPlannedApisTest::test_ledger_reconciliation_order_platform_calendar_identity,StaffPlannedApisTest::test_ledger_reconciliation_order_platform_calendar_identity,"Legacy client triggers an apparently global recomputation with only a local daily counter; replace with an authorized idempotent server job, scoped input, dry-run/result and audit."
API-159,管理端,/b/report2/CourseMonthList,POST,CourseMonthList,query,reporting,REPLACE,report.course.monthly-calendar,AC-09-06,"Monthly course calendar data source. Evidence: 管理端/pageReport/course/courseReportFormMonth.js."
API-160,管理端,/b/report2/delPointLog,POST,delPointLog,write,points,REJECT,planned:points.adjustment.reverse,planned:points.adjustment.reverse,"Reject deletion of points history; corrections create a reversing ledger entry linked to the original."
API-161,管理端,/b/report2/editPointLog,POST,editPointLog,write,points,REPLACE,points.adjustment.correct,adjustStaffMemberPoints,"Reject mutation of historical point facts; append correction via point-adjustments. OpenAPI POST .../point-adjustments; tests StaffMemberPointAdjustmentTest."
API-162,管理端,/b/report2/findBalaceZeroCard,POST,findBalaceZeroCard,query,member-card,REPLACE,member-card.reminder.zero-balance.list,listZeroBalanceMemberCardReminders,"Zero-balance cards report. OpenAPI GET .../reports/reminders/zero-balance-cards; tests StaffMemberCardReminderTest."
API-163,管理端,/b/report2/findCourseRepListForWeb,POST,findCourseRepListForWeb,query,reporting,REPLACE,report.course.group.rank,AC-09-21,"Group course analytics list. Evidence: 管理端/pageReport/courseAnalyze/teamCourseRank.js."
API-164,管理端,/b/report2/findCourseRepListForWebDetail,POST,findCourseRepListForWebDetail,query,reporting,REPLACE,report.course.group.detail,AC-09-22,"Group course session drill-down. Evidence: 管理端/pageReport/courseAnalyze/teamCourseDetailRank.js."
API-165,管理端,/b/report2/findHolidayCardList,POST,findHolidayCardList,query,member-card,REPLACE,member-card.reminder.holiday.list,listStaffHolidayDueReminders,"Holiday/frozen card list. OpenAPI GET .../reports/reminders/holiday-due; tests StaffNotificationReminderTest."
API-166,管理端,/b/report2/findNoclassUserList,POST,findNoclassUserList,query,notification,REPLACE,notification.reminder.no-class.list,listStaffNoClassReminders,"No-class reminder member list. OpenAPI GET .../reports/reminders/no-class; tests StaffNotificationReminderTest."
API-167,管理端,/b/report2/findPrivateAppontmentofStaffuserid,POST,findPrivateAppontmentofStaffuserid1,query,reporting,MERGE,reporting.staff-private-appointments,AC-09-37,"Report2 duplicate of linkage private appointment query. Evidence: pageReport/teacherMembership/detailed.js."
API-168,管理端,/b/report2/findPrivateCourseList,POST,findPrivateCourseList,query,reporting,REPLACE,report.course.private.rank,AC-09-23,"Private course analytics list. Evidence: 管理端/pageReport/courseAnalyze/privateCourseRank.js."
API-169,管理端,/b/report2/findPrivateCourseWebDetail,POST,findPrivateCourseWebDetail,query,reporting,REPLACE,report.course.private.detail,AC-09-24,"Private course drill-down. Evidence: 管理端/pageReport/courseAnalyze/privateCourseDetailRank.js."
API-170,管理端,/b/report2/findPunishUserCardList,POST,findPunishUserCardList,query,member-card,REPLACE,member-card.reminder.penalized.list,listPenalizedMemberCardReminders,"Penalized card list. OpenAPI GET .../reports/reminders/penalized-cards; tests StaffMemberCardReminderTest."
API-171,管理端,/b/report2/findSaleManSalary,POST,findSaleManSalary,query,payroll,REPLACE,payroll.sales.report,AC-09-38,"Sales payroll summary aggregate. Evidence: 管理端/pageReport/teacherMembership/memberShipSalary.js."
API-172,管理端,/b/report2/findSaleManSalary_card,POST,findSaleManSalary_card,query,payroll,REPLACE,payroll.sales.detail.cards,AC-09-32,"Sales payroll card-sale lines. Evidence: 管理端/pageReport/teacherMembership/memberShipSalaryDetail.js."
API-173,管理端,/b/report2/findSaleManSalary_user,POST,findSaleManSalary_user,query,payroll,REPLACE,payroll.sales.detail.members,AC-09-32,"Sales payroll member-sale lines. Evidence: 管理端/pageReport/teacherMembership/memberShipSalaryDetail.js."
API-174,管理端,/b/report2/FindsiteModifyLog,POST,FindsiteModifyLog,query,reporting,REPLACE,report.audit.site-modify.list,AC-09-20,"Site modification audit log query. Evidence: 管理端/pageReport/rank/siteModifyLog.js."
API-175,管理端,/b/report2/findStaffCourseWeb,POST,findStaffCourseWeb,query,payroll,REPLACE,payroll.coach.course-commission.report,AC-09-25,"Coach course commission rollup. Evidence: 管理端/pageReport/teacherMembership/staffCourse.js."
API-176,管理端,/b/report2/findStaffPrivateAppointment,POST,findStaffPrivateAppointment,query,reporting,MERGE,reporting.staff-private-appointments,getStaffReportCoachAppointmentDetail,"Report query for staff private appointments. OpenAPI GET .../reports/coaches/{id}/appointments; tests StaffReportCoachTest."
API-177,管理端,/b/report2/findStaffTeamAppointment,POST,findStaffTeamAppointment,query,reporting,MERGE,reporting.staff-group-appointments,getStaffReportCoachAppointmentDetail,"Report query for staff group appointments via coach appointment detail filter. OpenAPI GET .../reports/coaches/{id}/appointments; tests StaffReportCoachTest."
API-178,管理端,/b/report2/findUserAnniversary,POST,findUserAnniversary,query,notification,REPLACE,notification.reminder.anniversary.list,listStaffAnniversaryReminders,"Anniversary reminder list. OpenAPI GET .../reports/reminders/anniversary; tests StaffNotificationReminderTest."
API-179,管理端,/b/report2/findUserAppointList,POST,findUserAppointList,query,booking,MERGE,booking.member-history.list,listStaffMemberBookingHistory,"Duplicate history query merged into GET .../members/{id}/booking-history; tests StaffMemberBookingHistoryTest."
API-180,管理端,/b/report2/findUserBirthday,POST,findUserBirthday,query,notification,REPLACE,notification.reminder.birthday.list,AC-09-11,"Birthday reminder list. Evidence: 管理端/pageReport/remind/birthdayRemind.js."
API-181,管理端,/b/report2/findUserByVisitor,POST,findUserByVisitor,query,notification,REPLACE,notification.reminder.visitor.list,AC-09-12,"Visitor follow-up list. Evidence: 管理端/pageReport/remind/visitorRemind.js."
API-182,管理端,/b/report2/findUserCostForWeb,POST,findUserCostForWeb,query,reporting,REPLACE,report.member.cost.list,AC-09-34,"Member cost ranking list. Evidence: 管理端/pageReport/userCost/userCost.js."
API-183,管理端,/b/report2/findUserDetailOfOneSaler,POST,findUserDetailOfOneSaler,query,reporting,REPLACE,report.sales.detail,AC-09-19,"Per-sales-consultant member sales drill-down. Evidence: 管理端/pageReport/rank/membershipDetailRank.js."
API-184,管理端,/b/report2/findUserPointList,POST,findUserPointList,query,points,MERGE,points.member-ledger.list,listMemberPointLedger,"Member points ledger. OpenAPI GET /member/points/ledger; tests MemberPointLedgerTest."
"

"
API-185,管理端,/b/report2/findWebstaffSalaryList,POST,findWebstaffSalaryList,query,payroll,REPLACE,payroll.coach.report,AC-09-39,"Coach payroll summary list. Evidence: 管理端/pageReport/teacherMembership/personalSalary.js."
API-186,管理端,/b/report2/findwillExpireCard,POST,findwillExpireCard,query,member-card,REPLACE,member-card.reminder.expired.list,listExpiringMemberCardReminders,"Expired/near-expiry cards. OpenAPI GET .../reports/reminders/expiring-cards; tests StaffMemberCardReminderTest."
API-187,管理端,/b/report2/findWillOpenUserCardList,POST,findWillOpenUserCardList,query,member-card,REPLACE,member-card.reminder.pending-open.list,listPendingOpenMemberCardReminders,"Pending activation cards. OpenAPI GET .../reports/reminders/pending-open-cards; tests StaffMemberCardReminderTest."
API-188,管理端,/b/report2/getAllCardInfoIncludeUnionReport,POST,getAllCardInfoIncludeUnionReport,query,reporting,REPLACE,report.card-product.analytics,listStaffCardProducts,"Union card analytics source via scoped card-products catalog. OpenAPI GET .../card-products; tests StaffCardProductCatalogTest. Evidence: pageReport/rank/memberCardAnalyze.js."
API-189,管理端,/b/report2/getAllStaff,POST,getAllStaff,query,staff,MERGE,staff.directory.list,AC-09-45,"Triplicate staff directory used by siteModifyLog filter. Evidence: 管理端/pageReport/rank/siteModifyLog.js."
API-190,管理端,/b/report2/getMemeberSalaryConfig,POST,getMemeberSalaryConfig,query,payroll,REPLACE,payroll.sales.config.get,AC-09-28,"Sales payroll mode config read. Evidence: 管理端/pageReport/teacherMembership/memberSalaryType.js."
API-191,管理端,/b/report2/getOnestaffInMonthDetail,POST,getOnestaffInMonthDetail1,query,reporting,MERGE,report.coach.appointment-lines,AC-09-37,"Report2 duplicate coach appointment lines. Evidence: pageReport/teacherMembership/detailed.js."
API-192,管理端,/b/report2/getOnestaffInMonthSum,POST,getOnestaffInMonthSum1,query,reporting,MERGE,report.coach.appointment-summary,AC-09-37,"Report2 duplicate coach appointment summary. Evidence: pageReport/teacherMembership/detailed.js."
API-193,管理端,/b/report2/getSalaryConfig,POST,getSalaryConfig,query,payroll,REPLACE,payroll.coach.config.get,AC-09-27,"Tenant coach payroll config read. Evidence: 管理端/pageReport/teacherMembership/personalSalaryType.js."
API-194,管理端,/b/report2/getSalaryConfigOfOneStaff,POST,getSalaryConfigOfOneStaff,query,payroll,REPLACE,payroll.coach.rule.get,AC-09-29,"Per-coach salary rule matrix read. Evidence: personalSalaryFixedClassHours.js."
API-195,管理端,/b/report2/getSaleStaffList,POST,getSaleStaffList,query,staff-directory,MERGE,staff.sales-directory.list,listStaffCrmSalesStaff,"Sales-consultant filter choices. OpenAPI GET .../crm/sales-staff; tests StaffCrmOperationsTest."
API-196,管理端,/b/report2/getsiteModifyType,POST,getsiteModifyType,query,reporting,REPLACE,report.audit.site-modify.types,AC-09-20,"Audit log type filter metadata. Evidence: 管理端/pageReport/rank/siteModifyLog.js."
API-197,管理端,/b/report2/getUserPointConfig,POST,getUserPointConfig,query,points,REPLACE,points.config.get,StaffPlannedApisTest::test_card_product_course_catalog_and_points,"Points policy config read. Evidence: rank/memberPointConfig adjacency."
API-198,管理端,/b/report2/mainpage,POST,mainpage,query,reporting,REPLACE,report.dashboard.summary,AC-09-01,"Report tab KPI payload. Evidence: 管理端/pages/report/report.js."
API-199,管理端,/b/report2/PointListByUserId,POST,PointListByUserId,query,points,REPLACE,points.member-ledger.list,listMemberPointLedger,"Member points balance and paged history. OpenAPI GET /member/points/ledger; tests MemberPointLedgerTest."
API-200,管理端,/b/report2/PriCourseDayList,POST,PriCourseDayList,query,reporting,REPLACE,report.course.daily-breakdown.private,AC-09-07,"Private course rows for selected day. Evidence: 管理端/pageReport/course/courseReportFormDay.js."
API-201,管理端,/b/report2/profitDayList,POST,profitDayList,query,reporting,REPLACE,report.finance.profit.daily-detail,AC-09-04,"Daily profit line items. Evidence: 管理端/pageReport/income/businessDataDetail.js."
API-202,管理端,/b/report2/profitList,POST,profitList,query,reporting,REPLACE,report.finance.profit.summary,AC-09-03,"Profit summary list. Evidence: 管理端/pageReport/income/businessReportForm.js."
API-203,管理端,/b/report2/profitMonthList,POST,profitMonthList,query,reporting,REPLACE,report.finance.profit.monthly,AC-09-02,"Monthly profit calendar. Evidence: 管理端/pageReport/income/businessData.js."
API-204,管理端,/b/report2/RankCardInfo_cardId,POST,RankCardInfo_cardId,query,reporting,REPLACE,report.card-product.sales-rank,getStaffReportOrderRanking,"Per card-product sales ranking via order rankings report. OpenAPI GET .../reports/rankings/orders; tests StaffReportRankingTest. Evidence: pageReport/rank/memberCard.js."
API-205,管理端,/b/report2/ReComputeSalary,POST,ReComputeSalary,write,payroll,REPLACE,payroll.recompute.job,AC-09-35,"Client-triggered global coach payroll recompute; replace with authorized scoped async job + audit. Evidence: head-hint.js and multiple report pages."
API-206,管理端,/b/report2/SalaryStaffList,POST,SalaryStaffList,query,payroll,REPLACE,payroll.coach.config.list,AC-09-26,"Coach list for per-staff salary config. Evidence: 管理端/pageReport/teacherMembership/personalSalarySetting.js."
API-207,管理端,/b/report2/salerList,POST,salerList,query,reporting,REPLACE,report.sales.rank,AC-09-18,"Sales consultant ranking. Evidence: 管理端/pageReport/rank/membershipRank.js."
API-208,管理端,/b/report2/saveconfig,POST,saveconfig,write,member-card,REPLACE,member-card.reminder.config.save,getMemberCardReminderConfig|updateMemberCardReminderConfig,"Reminder threshold config for card alerts. OpenAPI GET/PUT .../member-card-reminder-config; tests StaffMemberCardReminderTest. Evidence: cardExpiresSetting.js."
API-209,管理端,/b/report2/saveMemeberSalaryConfig,POST,saveMemeberSalaryConfig,write,payroll,REPLACE,payroll.sales.config.save,AC-09-28,"Sales payroll mode config write. Evidence: 管理端/pageReport/teacherMembership/memberSalaryType.js."
API-210,管理端,/b/report2/saveSalaryConfig,POST,saveSalaryConfig,write,payroll,REPLACE,payroll.coach.config.save,AC-09-27,"Tenant coach payroll mode config write. Evidence: 管理端/pageReport/teacherMembership/personalSalaryType.js."
API-211,管理端,/b/report2/saveSalaryConfigOfOneStaff,POST,saveSalaryConfigOfOneStaff,write,payroll,REPLACE,payroll.coach.rule.save,AC-09-29,"Per-coach salary rule matrix write. Evidence: personalSalaryFixedClassHours.js."
API-212,管理端,/b/report2/saveUserPointConfig,POST,saveUserPointConfig,write,points,REPLACE,points.config.save,StaffPlannedApisTest::test_card_product_course_catalog_and_points,"Points policy config write with audit. Evidence: rank/memberPointConfig adjacency."
API-213,管理端,/b/report2/substractUserPoint,POST,substractUserPoint,write,points,REPLACE,points.adjustment.debit,adjustStaffMemberPoints,"Manual debit with member-visible reason. OpenAPI POST .../members/{id}/point-adjustments direction=debit; tests StaffMemberPointAdjustmentTest."
API-214,管理端,/b/report2/sumMainCourseList,POST,sumMainCourseList,query,reporting,REPLACE,report.course.summary,AC-09-05,"Course rollup summary list. Evidence: 管理端/pageReport/course/courseReportForm.js."
API-215,管理端,/b/report2/sumSaleSalary,POST,sumSaleSalary,write,payroll,REPLACE,payroll.sales.aggregate.job,AC-09-35,"Client-triggered sales payroll aggregate job; replace with authorized async job. Evidence: head-hint.js."
API-216,管理端,/b/report2/sumUserExpendPrice,POST,sumUserExpendPrice,query,reporting,REPLACE,report.member-card.consumption-rank,listStaffMemberCardLedgerEntries,"Member consumption ranking derived from entitlement ledger entries. OpenAPI GET .../ledger-entries; tests StaffMemberCardAdjustTest. Evidence: memberConsumptionCardRank.js."
API-217,管理端,/b/report2/TeamCourseDayList,POST,TeamCourseDayList,query,reporting,REPLACE,report.course.daily-breakdown.group,AC-09-07,"Group course rows for selected day. Evidence: 管理端/pageReport/course/courseReportFormDay.js."
API-218,管理端,/b/report2/UserCardAnalyze,POST,UserCardAnalyze,query,reporting,REPLACE,report.member-card.analytics,StaffReportRankingTest,"Member card analytics query. Evidence: api-catalog endpoint name."
API-219,管理端,/b/report2/userCourseRank,POST,userCourseRank,query,reporting,REPLACE,report.course.attendance-rank,AC-09-15,"Member course attendance ranking. Evidence: 管理端/pageReport/rank/courseRank.js."
API-220,管理端,/b/report2/userOrderList,POST,userOrderList,query,order,REPLACE,order.member-ledger.list,listMemberCardOrders,"Member receipt/order history and totals. OpenAPI GET .../members/{id}/orders; tests StaffMemberCardOrderTest."
API-221,管理端,/b/report2/userOrderRank,POST,userOrderRank,query,reporting,REPLACE,report.order.rank,getStaffReportOrderRanking,"Order ranking analytics. OpenAPI GET .../reports/rankings/orders; tests StaffReportRankingTest."
API-222,管理端,/b/setting/getAppointSetting,POST,getAllAppointConfig,query,booking,REPLACE,booking.policy.read,getStaffBookingPolicy,"Tenant booking policy bundle. OpenAPI GET .../booking-policy; tests StaffBookingPolicyTest."
API-223,管理端,/b/setting/getPlanHint,POST,getPlanHint,query,schedule,MERGE,schedule.copy-hint.read,StaffPlannedApisTest::test_schedule_display_config_and_copy_preflight,"Read copy-timetable hint. Evidence: kind-reminder.js."
API-224,管理端,/b/setting/getPlanTitle,POST,getPlanTitle,query,schedule,MERGE,schedule.display-title.read,StaffPlannedApisTest::test_schedule_display_config_and_copy_preflight,"Read timetable title. Evidence: course-title.js."
API-225,管理端,/b/setting/getuserFieldSetting,POST,getuserFieldSetting,query,crm-config,REPLACE,crm.member-field-policy.get,getStaffCrmMemberFieldPolicy,"Tenant profile field visibility/required flags. OpenAPI GET .../crm/member-field-policy; tests StaffCrmFieldPolicyTest."
API-226,管理端,/b/setting/saveAppointSetting,POST,saveAppointConfig,write,booking,REPLACE,booking.policy.write,updateStaffBookingPolicy,"Persist booking policy keys. OpenAPI PUT .../booking-policy; tests StaffBookingPolicyTest."
API-227,管理端,/b/setting/savePlanHint,POST,savePlanHint,write,schedule,MERGE,schedule.copy-hint.write,StaffPlannedApisTest::test_schedule_display_config_and_copy_preflight,"Save copy-timetable hint. Evidence: kind-reminder.js."
API-228,管理端,/b/setting/savePlanTitle,POST,savePlanTitle,write,schedule,MERGE,schedule.display-title.write,StaffPlannedApisTest::test_schedule_display_config_and_copy_preflight,"Save timetable title. Evidence: course-title.js."
API-229,管理端,/b/site/getSiteInfo,POST,getSiteInfo,query,tenant-config,REPLACE,site.profile.read,getStaffSiteProfile,"Site profile read. OpenAPI GET .../sites/{site}/profile; tests StaffSiteProfileTest."
API-230,管理端,/b/site/mergeOpentime,POST,mergeOpentime,write,tenant-config,REJECT,,AC-10-38,"Exported in vendor bundle only; no static call site. Open hours saved inline via saveSiteInfo.openTimeList. Evidence: grep mergeOpentime → vendor.js only."
API-231,管理端,/b/site/saveSiteInfo,POST,saveSiteInfo,write,tenant-config,REPLACE,site.profile.update,updateStaffSiteProfile,"Site profile write including hours and branding. OpenAPI PUT .../sites/{site}/profile; tests StaffSiteProfileTest."
API-232,管理端,/b/staff/acceptInvite,POST,acceptInvite,write,identity,REPLACE,staff.invite.accept,acceptStaffInvite,"Accept staff invite after phone/union binding. OpenAPI POST .../invites/{sign}/accept; tests StaffInviteTest."
API-233,管理端,/b/staff/changeSiteOwner,POST,changeSiteOwner,write,identity,REPLACE,staff.directory.transfer-ownership,transferSiteOwnership,"Transfer site ownership to another staff member. OpenAPI POST .../sites/{site}/transfer-ownership; tests StaffDirectoryTest."
API-234,管理端,/b/staff/checkExistPlan,POST,checkExistPlan,query,identity,REPLACE,staff.departure.preflight,getStaffDirectoryMember,"Preflight future bookings via hasFutureBookings on GET .../staff-directory/{id}; tests StaffDirectoryTest."
API-235,管理端,/b/staff/delstaff,POST,delstaff,write,identity,REPLACE,staff.directory.delete,AC-10-12,"Hard-delete staff when deldata flag set. Evidence: staff-edit.js delstaff()."
API-236,管理端,/b/staff/findAllFunction,POST,findAllFunction,query,identity,REPLACE,staff.permission.catalog,getStaffPermissionCatalog,"Permission function tree for custom roles. OpenAPI GET .../permissions/catalog; tests StaffRoleEditorTest."
API-237,管理端,/b/staff/findDefaultRole,POST,findDefaultRole,query,identity,REPLACE,staff.role.default-template,AC-10-12,"Default role template when creating staff. Evidence: staff-edit.js findDefaultRole()."
API-238,管理端,/b/staff/findRoleList,POST,findRoleList,query,identity,REPLACE,staff.role.list,listStaffRoles,"Selectable roles for staff user. OpenAPI GET .../roles; tests StaffRoleEditorTest."
API-239,管理端,/b/staff/getAll,POST,getAllStaff,query,identity,REPLACE,staff.directory.list,listStaffDirectory,"Staff directory list scoped per site. OpenAPI GET .../staff-directory; tests StaffDirectoryTest."
API-240,管理端,/b/staff/getInviteData,POST,getInviteData,query,identity,REPLACE,staff.invite.preview,previewStaffInvite,"Invite banner metadata by sign token. OpenAPI GET .../invites/{sign}; tests StaffInviteTest."
API-241,管理端,/b/staff/getOne,POST,getUserOne,query,identity,REJECT,,AC-10-39,"Exported as getUserOne in vendor only; staff-edit loads model from URL param staffone JSON, not this API. Evidence: staff-edit.js onLoad staffone branch; grep getUserOne → vendor.js only."
API-242,管理端,/b/staff/getUserInfoBySign?deviceId=,POST,getUserInfoBySign,query,identity,REPLACE,staff.invite.sign-preview,previewStaffInvite,"Resolve invitee profile from invite sign token. OpenAPI GET .../invites/{sign}; tests StaffInviteTest."
API-243,管理端,/b/staff/leaveWork,POST,leaveWork,write,identity,REPLACE,staff.departure.soft,departStaffDirectoryMember,"Soft-departure with booking preflight. OpenAPI POST .../staff-directory/{id}/depart; tests StaffDirectoryTest."
API-244,管理端,/b/staff/saveRole,POST,saveRole,write,identity,REPLACE,staff.role.upsert,upsertStaffRole,"Save custom role permission matrix. OpenAPI PUT .../roles/{role}; tests StaffRoleEditorTest."
API-245,管理端,/b/staff/savestaff,POST,savestaff,write,identity,REPLACE,staff.directory.upsert,createStaffDirectoryMember|updateStaffDirectoryMember,"Create/update staff profile and role binding. OpenAPI POST/PATCH .../staff-directory; tests StaffDirectoryTest."
API-246,管理端,/b/staffuser/aduserCount,POST,aduserCount,query,identity,MERGE,identity.onboarding.social-proof,AC-10-07,"Registered-user count shown on onboarding screens. Evidence: authorizationPage/info/index.js, pagesImp/authorization/info/index.js."
API-247,管理端,/b/staffuser/getMyInfo,POST,getMyInfo,query,identity,REPLACE,staff.profile.self.read,getStaffProfile,"Load current staff profile for personal settings. OpenAPI GET .../staff/profile; tests StaffProfileTest."
API-248,管理端,/b/staffuser/getMySiteList,POST,getMySiteList,query,tenant-config,REPLACE,site.context.list,AC-10-40,"Multi-site picker for staff context. Evidence: pagesCourse/home/venue.js, pageChain/storesManagement/index.js."
API-249,管理端,/b/staffuser/getSiteConfig,POST,getSiteConfig,query,tenant-config,REPLACE,tenant.feature-flags.read,AC-10-03,"Shop tab feature/module flags. Evidence: pages/shop/shop.js getSiteConfig()."
API-250,管理端,/b/staffuser/loginout,POST,loginout,write,identity,REPLACE,identity.session.logout,logoutCurrentSession,"Staff logout from personal settings. OpenAPI POST .../auth/logout; tests Auth flow."
API-251,管理端,/b/staffuser/selectAppoint,POST,appointRecord,query,booking,MERGE,booking.staff.upcoming,listStaffBookingUpcoming,"Staff home today upcoming appointments. OpenAPI GET .../booking/upcoming; tests StaffDashboardTest."
API-252,管理端,/b/staffuser/selectPayList,POST,saleCard,query,identity,MERGE,staff.dashboard.sales-feed,AC-10-02,"Today card-sales feed on staff home (export name saleCard). Evidence: pages/home/home.js loadSaleCardRecord()."
API-253,管理端,/b/staffuser/todayreport,POST,todayReport,query,identity,REPLACE,staff.dashboard.summary,getStaffDashboardSummary,"Staff home KPI payload. OpenAPI GET .../dashboard/summary; tests StaffDashboardTest."
API-254,管理端,/b/staffuser/updateMyInfo,POST,updateMyInfo,write,identity,REPLACE,staff.profile.self.update,updateStaffProfile,"Self-service staff profile updates. OpenAPI PATCH .../staff/profile; tests StaffProfileTest."
API-255,管理端,/b/staffuser/wxlogin,POST,getStopInfo,write,identity,REPLACE,identity.staff.session.bootstrap,AC-10-41,"Primary staff session bootstrap (store action getStopInfo); returns site context, permissions, dictVal. Evidence: pages/start/index.js, pages/login/components/mp-weixin.js."
API-256,管理端,/b/staffuser/wxlogin?deviceId=,POST,getStopInfo,write,identity,MERGE,identity.staff.session.bootstrap,AC-10-41,"Device-scoped variant of staff wxlogin/getStopInfo export. Evidence: vendor export duplicate; same store dispatch getStopInfo."
API-257,管理端,/b/userorder/delUserOrder,POST,delUserOrder,write,order,REJECT,order.void,voidMemberCardOrder,"Reject physical deletion; void only eligible unpaid orders. OpenAPI POST .../orders/{id}/void; tests StaffMemberCardOrderTest."
API-258,管理端,/b/userorder/saveOrderAmount,POST,saveOrderAmount,write,order,MERGE,order.amount.correct,correctMemberCardOrderAmount,"Duplicate order amount correction path; immutable correction not overwrite. OpenAPI POST .../orders/{id}/amount-corrections; tests StaffMemberCardOrderTest. Evidence: pageChain/cardStatistics/index.js."
API-259,管理端,/b/userorder/saveRemark,POST,saveRemark,write,order,REPLACE,MemberOrderTest.internal-note.append,MemberOrderTest.internal-note.append,"Employee-only order note; store append-only note/correction history with permission and audit rather than overwriting the order fact."
API-260,管理端,/b/wx/createAppCode,POST,createAppCode,write,sharing,REPLACE,sharing.mini-code.create,StaffPlannedApisTest::test_ledger_reconciliation_order_platform_calendar_identity,"Creates a generic Mini Program code used in member/card sharing; new operation requires typed purpose, short opaque scene, expiry, authorization and replay controls."
API-261,管理端,/common/const,POST,getConst,query,platform,REPLACE,platform.constants.read,getStaffRegionConstants,"City/region constants for site creation. OpenAPI GET .../constants/regions; tests StaffConstants flow."
API-262,管理端,/common/dict,POST,dictData,query,platform,REJECT,,AC-10-42,"Exported as dictData in 管理端 vendor only; no static call site. uploadURL/default images consumed from dictVal populated by session bootstrap, not direct dict fetch. Evidence: grep dictData → vendor.js only."
API-263,管理端,/wx/getUnionId,POST,getUnionId,query,identity,REPLACE,identity.wechat.unionid.resolve,resolveWechatUnionId,"UnionID resolution during staff invite acceptance. OpenAPI POST .../identity/wechat/unionid; tests StaffInviteTest."
API-264,管理端,/wx/getWeixinPhoneNumber,POST,getWeixinPhoneNumber,write,identity,REPLACE,identity.wechat.phone.grant,AC-10-08,"WeChat encrypted phone grant for staff onboarding and profile phone edit. Evidence: authorization phone pages, phone-edit.js."
API-265,会员端,/c/user/applyAppointment,POST,applyAppointment,write,booking,REPLACE,booking.appointment.create,createMemberAppointment,"Member books with card selection. OpenAPI POST /member/appointments; tests MemberAppointmentTest."
API-266,会员端,/c/user/cancelAppoint,POST,cancelAppoint,write,booking,REPLACE,booking.appointment.cancel,cancelMemberAppointment,"Member/staff cancel from detail pages. OpenAPI POST /member/appointments/{id}/cancel; tests MemberAppointmentTest."
API-267,会员端,/c/user/cardPrivilege,POST,cardPrivilege,query,member-card,REPLACE,member-card.benefits.get,getMemberMemberCardBenefits,"Member card benefits. OpenAPI GET /member/member-cards/{id}/benefits; apps/member-miniapp/src/pages/cards/benefits.vue."
API-268,会员端,/c/user/checkCloseSite,POST,checkCloseSite,query,member-card,REPLACE,StaffPlannedApisTest::test_member_card_batch_and_reads_writes,StaffPlannedApisTest::test_member_card_batch_and_reads_writes,"Business capability retained behind new authenticated domain API."
API-269,会员端,/c/user/deleteUserCard,POST,deleteUserCard,write,member-card,REPLACE,member-card.visibility.hide,hideMemberCard,"Member hides card from wallet. OpenAPI POST /member/member-cards/{id}/hide; tests MemberMemberCardVisibilityTest."
API-270,会员端,/c/user/findAllPrivateDrainerList,POST,findAllPrivateDrainerList,query,schedule,MERGE,schedule.private-coach.day-board,listMemberBookingCatalog,"Member 约课 tab private lanes merged into day catalog. OpenAPI GET /member/booking/catalog; tests MemberBookingCatalogTest."
API-271,会员端,/c/user/findAmountChangeLog,POST,findAmountChangeLog,query,member-card,REPLACE,member-card.balance-ledger.list,listMemberMemberCardLedgerEntries,"Member balance ledger tab. OpenAPI member card ledger; tests MemberMemberCardLedgerTest."
"

"
API-272,会员端,/c/user/finddelUsercard,POST,finddelUsercard,query,member-card,REPLACE,member-card.archive.list,listMemberHiddenCards,"Lists hidden/archived cards for recovery UI. OpenAPI GET /member/member-cards/hidden; tests StaffMemberCardArchiveListTest::test_member_can_list_hidden_cards. Evidence: pageMine pages/cards/hidden."
API-273,会员端,/c/user/findModifyLog,POST,findModifyLog,query,member-card,REPLACE,member-card.modify-log.list,AC-07-14,"Per-card metadata change history tab on useRecord (datalist, paginated). Evidence: pageMine/useRecord/index.js getChangeRecord()."
API-274,会员端,/c/user/findOneDrainerDetail,POST,findOneDrainerDetail,query,schedule,MERGE,schedule.private-coach.detail,getMemberBookingSession,"Authenticated private coach landing. OpenAPI GET /member/booking/sessions/{id}; tests MemberBookingCatalogTest. Evidence: coachCourse/index.js."
API-275,会员端,/c/user/findOneDrainerDetail_noToken,POST,findOneDrainerDetail_noToken,query,schedule,MERGE,schedule.private-coach.detail.public,getPublicBookingShareSession,"Share landing without session. OpenAPI GET /public/booking/share/sessions/{token}; tests PublicBookingShareTest. Evidence: coachCourse/share-index.js."
API-276,会员端,/c/user/findTeamPlan,POST,findTeamPlan,query,schedule,MERGE,schedule.group-session.day-board,listMemberBookingCatalog,"Member group day grid. OpenAPI GET /member/booking/catalog; tests MemberBookingCatalogTest."
API-277,会员端,/c/user/findUserAppointList,POST,findUserAppointList,query,member-card,REPLACE,member-card.appointment-history.list,AC-07-14,"Per-card appointment history tab on useRecord (list, paginated by userCardId). Evidence: pageMine/useRecord/index.js getAppointmentRecord()."
API-278,会员端,/c/user/getAllCardInfo,POST,getAllCardInfo,query,card-product,REPLACE,card-product.sellable.list,listMemberCardProducts,"Sellable templates on buyingCard page. OpenAPI GET /member/card-products; member catalog UI pages/cards/catalog; tests MemberCardPurchaseTest."
API-279,会员端,/c/user/getCardListForPay,POST,getCardListForPay,query,member-card,MERGE,member-card.payable.list,listMemberBookingPayableCards,"Payable cards at booking checkout. OpenAPI GET .../payable-cards; tests MemberAppointmentTest."
API-280,会员端,/c/user/getDrainerTimeList,POST,getDrainerTimeList,query,schedule,MERGE,schedule.private-coach.slots,listMemberBookingCatalog,"Member private slot picker via day booking catalog. OpenAPI GET /member/booking/catalog; tests MemberBookingCatalogTest. Evidence: selected-course-timer/index.js."
API-281,会员端,/c/user/getMyUserInfo,POST,getMyUserInfo,query,member-profile,REPLACE,member.profile.read,AC-07-07,"Returns user + tenant userField[] required flags for profile form. Evidence: pageMine/myInfo/index.js getUserInfo()."
API-282,会员端,/c/user/getNoticeList,POST,getNoticeList,query,notice,REPLACE,notice.list,AC-07-05,"Home notice cards: datalist[] with noticeId, noticeTitle, noticeText, createTime. Evidence: pages/index/index.js getInformList()."
API-283,会员端,/c/user/getOnePlan,POST,getOnePlan,query,booking,MERGE,booking.group-session.detail,getMemberBookingSession,"Member group class detail/booking prep. OpenAPI GET /member/booking/sessions/{id}; tests MemberBookingCatalogTest."
API-284,会员端,/c/user/getOnePlan_noToken,POST,getOnePlan_noToken,query,booking,MERGE,booking.group-session.detail.public,getPublicBookingShareSession,"Share landing for group class. OpenAPI GET /public/booking/share/sessions/{token}; tests PublicBookingShareTest. Evidence: clusterCourse/share-index.js."
API-285,会员端,/c/user/getSiteFaceimage,POST,getSiteFaceimage,query,member-home,REPLACE,member.home.carousel,AC-07-01,"Home swiper images: data.imglist or fallback data.defImage. Evidence: pages/index/index.js getSiteFaceimage()."
API-286,会员端,/c/user/getUserCardInfo,POST,getUserCardInfo,query,member-card,REPLACE,member-card.wallet.list,listMemberWalletCards,"Member wallet cards on mine/home. OpenAPI GET /member/member-cards; tests MemberMemberCardWalletTest."
API-287,会员端,/c/user/getUserInfoForUpdate,POST,getUserInfoForUpdate,query,member-profile,REPLACE,member.profile.purchase-gate,AC-07-12,"Preflight before 购卡续费: code!=200 blocks navigation with msg. Evidence: pages/index/index.js buyCard()."
API-288,会员端,/c/user/getuserProtocolSetting,POST,getuserProtocolSetting,query,member-card,REPLACE,StaffPlannedApisTest::test_member_card_batch_and_reads_writes,StaffPlannedApisTest::test_member_card_batch_and_reads_writes,"Business capability retained behind new authenticated domain API."
API-289,会员端,/c/user/getwarmHint,POST,getwarmHint,query,booking,MERGE,booking.policy.hint,getStaffMemberWarmHint,"Warm hints before booking backed by site member-warm-hint config. OpenAPI GET .../member-warm-hint; tests StaffMemberExperienceTest. Evidence: coachCourse/index.js, clusterCourse/index.js."
API-290,会员端,/c/user/getwarmHint_noToken,POST,getwarmHintNoToken,query,booking,MERGE,booking.policy.hint.public,getStaffMemberWarmHint.public,"Share-page warm hints; public booking share deferred."
"

"
API-291,会员端,/c/user/getwxCardParam,POST,getwxCardParam,write,member-card,REPLACE,member-card.wechat-pack.sign,AC-07-13,"WeChat card-pack signature bundle for userCardId before wx.addCard. Evidence: common/vendor.js putWXCardPackage dispatch."
API-292,会员端,/c/user/myMainpage,POST,myMainpage,query,member-home,REPLACE,member.mine.dashboard,AC-07-02,"Mine aggregate: user, cardlist, hellomsg, pointStarted plus appointCount/lastMonthAppointCount/absenceCount/totalPoint/monthRankNum on user. Evidence: pages/mine/index.js getMineInfo()."
API-293,会员端,/c/user/myOrderList,POST,myOrderList,query,order,REPLACE,order.list,listMemberOrders,"Member order list. OpenAPI GET /member/orders; tests MemberOrderTest."
API-294,会员端,/c/user/myOrderList_notoken,POST,myOrderList_notoken,query,order,REJECT,planned:order,planned:order,"One-time wx code is not an order authorization credential."
API-295,会员端,/c/user/PointListByUserId,POST,PointListByUserId,query,points,REPLACE,points.ledger.list,AC-07-11,"Paginated point ledger: userInfo.plist, totalPoint, descText. Evidence: pageMine/point/index.js getList()."
API-296,会员端,/c/user/putweixincard,POST,putweixincard,write,member-card,REPLACE,member-card.wechat-pack.confirm,AC-07-13,"Persists add-to-WeChat-wallet result after wx.addCard. Evidence: common/vendor.js putWXCardPackage."
API-297,会员端,/c/user/putweixinList,POST,putweixinList,write,member-card,REPLACE,member-card.wechat-pack.pending,AC-07-13,"Lists cards with isPutWeixin==0 for home popup and mine CTA refresh. Evidence: pages/index/components/card-info.js, pages/mine/index.js putWxCardPack()."
API-298,会员端,/c/user/rankList,POST,rankList,write,ranking,REPLACE,ranking.monthly.list,AC-07-10,"Monthly leaderboard list[] capped to 15 plus myRank {indexnum, ncount, userRealname, userFaceurl}. Evidence: pageMine/rankingRecord/index.js."
API-299,会员端,/c/user/recoverdelUserCard,POST,recoverdelUserCard,write,member-card,REPLACE,member-card.visibility.restore,restoreMemberCardVisibility,"Restore hidden card. OpenAPI POST /member/member-cards/{id}/restore-visibility; tests MemberMemberCardVisibilityTest."
API-300,会员端,/c/user/register,POST,register,write,identity,REPLACE,identity.register,updateOwnMemberProfile,"Member registration via PUT /member/profile; tests MemberOnboardingTest."
API-301,会员端,/c/user/replaceFormLine,POST,replaceFormLine,write,booking,MERGE,booking.waitlist.promote,MemberAppointmentTest,"Member waitlist promotion path. Evidence: selected-member-card/index.js."
API-302,会员端,/c/user/selectAppoint,POST,selectAppoint,query,booking,REPLACE,booking.member.upcoming,listMemberAppointments,"Member home upcoming list. OpenAPI GET /member/appointments; tests MemberHomeDashboardTest."
API-303,会员端,/c/user/selectAppointOfMonth,POST,selectAppointOfMonth,query,member-insight,REPLACE,member.stats.month.appointments,AC-07-09,"Month-filtered appointment list with coursetype tabs and pagination. Evidence: pageMine/appointmentStatistics/index.js getData()."
API-304,会员端,/c/user/selectOneAppoint,POST,selectOneAppoint,query,booking,REPLACE,booking.member.detail,getMemberBookingSession,"Member session detail. OpenAPI GET /member/booking/sessions/{id}; tests MemberBookingCatalogTest."
"

"
API-305,会员端,/c/user/submitcard,POST,submitCard,write,member-card,REPLACE,member-card.purchase.submit,submitMemberCardPurchase,"Member self-service card purchase submit. OpenAPI POST /member/card-purchases; demo auto-paid path + WeChat Pay deferred; tests MemberCardPurchaseTest."
API-306,会员端,/c/user/sumAppointOfMonth,POST,sumAppointOfMonth,query,member-insight,REPLACE,member.stats.month.calendar,AC-07-09,"Month calendar heatmap/summary data for appointmentStatistics header. Evidence: pageMine/appointmentStatistics/index.js getRecord()."
API-307,会员端,/c/user/sumUserList,POST,sumUserList,query,member-insight,REPLACE,member.stats.year.summary,AC-07-08,"Yearly buckets yearlist[] and totalCount for totalStatistics page. Evidence: pageMine/totalStatistics/index.js onLoad."
API-308,会员端,/c/user/takeByuserCardId,POST,takeByuserCardId,write,member-card,REPLACE,member-card.activate,activateMemberCard,"Activates pending-open card instance. OpenAPI POST /member/member-cards/{id}/activate; tests MemberMemberCardActivateTest."
API-309,会员端,/c/user/UpdateUserInfo,POST,UpdateUserInfo,write,member-profile,REPLACE,member.profile.update,AC-07-07,"Member self-service profile patch including avatar URL after upload. Evidence: pageMine/myInfo/index.js saveInfo(), modifidInfo/index.js save()."
API-310,会员端,/c/user/wxlogin,POST,getLoginInfo,write,identity,REPLACE,identity.wechat-login,loginWithWechat,"WeChat code exchange via POST /auth/wechat/login."
API-311,会员端,/common/dict,POST,getCommonData,query,identity,REPLACE,identity.common-data.get,StaffPlannedApisTest::test_ledger_reconciliation_order_platform_calendar_identity,"Business capability retained behind new authenticated domain API."
API-312,会员端,/wx/getUnionId,POST,getUnionId,write,identity,REPLACE,identity.unionid,resolveWechatUnionId,"UnionID resolution; OpenAPI POST /identity/wechat/unionid."
API-313,会员端,/wx/getWeixinPhoneNumber,POST,getWeixinPhoneNumber,write,identity,REPLACE,identity.verify-mobile,verifyOwnWechatMobile,"Phone grant verification; tests MemberOnboardingTest."
